13:53:50 | INFO    | ltf                | drivers: 200 (76 full-time, 124 part-time) over 7 days
13:53:50 | INFO    | ltf                |   online hours: full-time mean 46.4 (min 34.4 max 54.9), part-time mean 14.0 (min 7.0 max 20.0)
13:53:50 | INFO    | ltf                |   hours ratio between groups: 3.32x; total online slots 63120
13:53:50 | INFO    | ltf                |   concurrent online drivers: min 0, median 35, max 66
13:53:51 | INFO    | ltf                | occupancy estimate: loaded 11.3 min + deadhead 4.5 min (1.45 km @ 19.2 km/h) -> 4 slots of 5 min
13:53:51 | INFO    | ltf                | calibrated sample rate 0.00424: 63120 online slots x target 0.60 / 4 slots per job = 9468 jobs, from 2231191 available requests
13:53:52 | INFO    | ltf                | requests: 9467 over 2016 slots (rate 0.0042), 4.7 per slot, 1352 per day
13:53:53 | INFO    | ltf                | requests: 6604 over 2016 slots (rate 0.0030), 3.3 per slot, 943 per day
13:53:53 | INFO    | ltf                |   calibration step 1: rate 0.002959 -> offered load 0.602 (target 0.60)
13:53:53 | INFO    | ltf                | scenario ready
Timeline: 2016 slots of 5 min over 7 days (2016-03-25 .. 2016-03-31), history/current/future = 864/288/864 slots
drivers: 200, online slots 63,120, concurrent min/med/max 0/35/66
requests: 6,604 (rate 0.00296), 3.3 per slot, offered load 0.602
nodes: 87, utility mode 'time_aware' in distance units
13:53:53 | INFO    | ltf                | warmup (efficiency only): total utility 12,167.5, 4,927/6,492 requests served (75.9%), mean utilisation 0.315
13:53:53 | INFO    | ltf                | calibrated omegas: total=1.644 rate=1111 util=5.959e+04
13:53:53 | INFO    | ltf                | drivers: 200 (76 full-time, 124 part-time) over 7 days
13:53:53 | INFO    | ltf                |   online hours: full-time mean 46.4 (min 34.4 max 54.9), part-time mean 14.0 (min 7.0 max 20.0)
13:53:53 | INFO    | ltf                |   hours ratio between groups: 3.32x; total online slots 63120
13:53:53 | INFO    | ltf                |   concurrent online drivers: min 0, median 35, max 66
13:53:54 | INFO    | ltf                | occupancy estimate: loaded 11.4 min + deadhead 4.5 min (1.45 km @ 19.2 km/h) -> 4 slots of 5 min
13:53:55 | INFO    | ltf                | requests: 6872 over 2016 slots (rate 0.0030), 3.4 per slot, 982 per day
13:53:55 | INFO    | ltf                | sample rate pinned at 0.00296, measured offered load 0.626
13:53:55 | INFO    | ltf                | scenario ready
Timeline: 2016 slots of 5 min over 7 days (2016-03-18 .. 2016-03-24), history/current/future = 864/288/864 slots
drivers: 200, online slots 63,120, concurrent min/med/max 0/35/66
requests: 6,872 (rate 0.00296), 3.4 per slot, offered load 0.626
nodes: 87, utility mode 'time_aware' in distance units
13:53:55 | INFO    | ltf                | forecaster ...
13:53:56 | INFO    | ltf                | forecaster: 4640 OD pairs x hourly steps, device=mps
13:53:56 | INFO    | ltf                |   hours: train 357, val 48, test 168 (test starts at hour 576)
13:53:58 | INFO    | ltf                | training forecaster on mps ...
13:55:22 | INFO    | ltf                | training forecaster on mps done in 84.2s
13:55:24 | INFO    | ltf                | forecaster test: demand MSE 0.1378 (log space), 6.46 (counts); seasonal-naive 8.86 -> 27.1% better
13:55:24 | INFO    | ltf                | forecaster test: congestion MSE 0.01198, MAE 0.0826 (on directly-measured cells)
13:55:24 | INFO    | ltf                | forecaster done in 89.0s
13:55:25 | INFO    | ltf                | synthetic (predicted) requests: 6346 over 2016 slots
13:55:25 | INFO    | ltf                | training A: lam_between=0.25 (30 episodes over 2 scenario(s)) ...
13:55:26 | INFO    | ltf                | A: lam_between=0.25: total utility 2,861.7, 6,502/6,766 requests served (96.1%), mean utilisation 0.493
13:55:27 | INFO    | ltf                | A: lam_between=0.25: total utility 1,789.7, 6,060/6,235 requests served (97.2%), mean utilisation 0.456
13:55:28 | INFO    | ltf                | A: lam_between=0.25: total utility 2,796.2, 6,512/6,766 requests served (96.2%), mean utilisation 0.493
13:55:29 | INFO    | ltf                | A: lam_between=0.25: total utility 1,981.1, 6,064/6,235 requests served (97.3%), mean utilisation 0.454
13:55:30 | INFO    | ltf                | A: lam_between=0.25: total utility 3,077.3, 6,512/6,766 requests served (96.2%), mean utilisation 0.492
13:55:31 | INFO    | ltf                | A: lam_between=0.25: total utility 2,376.3, 6,059/6,235 requests served (97.2%), mean utilisation 0.450
13:55:32 | INFO    | ltf                | A: lam_between=0.25: total utility 3,083.5, 6,505/6,766 requests served (96.1%), mean utilisation 0.492
13:55:33 | INFO    | ltf                | A: lam_between=0.25: total utility 2,164.3, 6,073/6,235 requests served (97.4%), mean utilisation 0.452
13:55:34 | INFO    | ltf                | A: lam_between=0.25: total utility 3,331.5, 6,530/6,766 requests served (96.5%), mean utilisation 0.490
13:55:34 | INFO    | ltf                | A: lam_between=0.25: total utility 2,585.7, 6,067/6,235 requests served (97.3%), mean utilisation 0.449
13:55:35 | INFO    | ltf                | A: lam_between=0.25: total utility 3,648.9, 6,506/6,766 requests served (96.2%), mean utilisation 0.486
13:55:36 | INFO    | ltf                | A: lam_between=0.25: total utility 2,657.0, 6,100/6,235 requests served (97.8%), mean utilisation 0.449
13:55:37 | INFO    | ltf                | A: lam_between=0.25: total utility 3,993.1, 6,522/6,766 requests served (96.4%), mean utilisation 0.483
13:55:38 | INFO    | ltf                | A: lam_between=0.25: total utility 2,911.1, 6,068/6,235 requests served (97.3%), mean utilisation 0.445
13:55:39 | INFO    | ltf                | A: lam_between=0.25: total utility 3,812.0, 6,488/6,766 requests served (95.9%), mean utilisation 0.483
13:55:39 | INFO    | ltf                | A: lam_between=0.25: total utility 2,987.2, 6,066/6,235 requests served (97.3%), mean utilisation 0.445
13:55:40 | INFO    | ltf                | A: lam_between=0.25: total utility 4,220.9, 6,494/6,766 requests served (96.0%), mean utilisation 0.479
13:55:41 | INFO    | ltf                | A: lam_between=0.25: total utility 3,108.2, 6,070/6,235 requests served (97.4%), mean utilisation 0.443
13:55:42 | INFO    | ltf                | A: lam_between=0.25: total utility 4,360.7, 6,503/6,766 requests served (96.1%), mean utilisation 0.478
13:55:43 | INFO    | ltf                | A: lam_between=0.25: total utility 3,469.8, 6,063/6,235 requests served (97.2%), mean utilisation 0.439
13:55:43 | INFO    | ltf                |   episode 10/30: eps=0.71, train utility 7830.5, |V|>0 on 27559/104400 states
13:55:44 | INFO    | ltf                | A: lam_between=0.25: total utility 4,527.8, 6,500/6,766 requests served (96.1%), mean utilisation 0.477
13:55:45 | INFO    | ltf                | A: lam_between=0.25: total utility 3,576.0, 6,083/6,235 requests served (97.6%), mean utilisation 0.439
13:55:46 | INFO    | ltf                | A: lam_between=0.25: total utility 4,607.5, 6,521/6,766 requests served (96.4%), mean utilisation 0.477
13:55:46 | INFO    | ltf                | A: lam_between=0.25: total utility 3,710.7, 6,072/6,235 requests served (97.4%), mean utilisation 0.437
13:55:47 | INFO    | ltf                | A: lam_between=0.25: total utility 5,072.8, 6,522/6,766 requests served (96.4%), mean utilisation 0.473
13:55:48 | INFO    | ltf                | A: lam_between=0.25: total utility 3,849.4, 6,033/6,235 requests served (96.8%), mean utilisation 0.433
13:55:49 | INFO    | ltf                | A: lam_between=0.25: total utility 5,250.2, 6,535/6,766 requests served (96.6%), mean utilisation 0.472
13:55:50 | INFO    | ltf                | A: lam_between=0.25: total utility 4,131.9, 6,062/6,235 requests served (97.2%), mean utilisation 0.432
13:55:51 | INFO    | ltf                | A: lam_between=0.25: total utility 5,310.2, 6,514/6,766 requests served (96.3%), mean utilisation 0.471
13:55:51 | INFO    | ltf                | A: lam_between=0.25: total utility 4,420.2, 6,086/6,235 requests served (97.6%), mean utilisation 0.430
13:55:52 | INFO    | ltf                | A: lam_between=0.25: total utility 5,476.3, 6,523/6,766 requests served (96.4%), mean utilisation 0.469
13:55:53 | INFO    | ltf                | A: lam_between=0.25: total utility 4,633.9, 6,066/6,235 requests served (97.3%), mean utilisation 0.427
13:55:54 | INFO    | ltf                | A: lam_between=0.25: total utility 5,748.6, 6,512/6,766 requests served (96.2%), mean utilisation 0.466
13:55:55 | INFO    | ltf                | A: lam_between=0.25: total utility 4,466.2, 6,069/6,235 requests served (97.3%), mean utilisation 0.428
13:55:56 | INFO    | ltf                | A: lam_between=0.25: total utility 5,779.8, 6,513/6,766 requests served (96.3%), mean utilisation 0.465
13:55:56 | INFO    | ltf                | A: lam_between=0.25: total utility 4,849.3, 6,090/6,235 requests served (97.7%), mean utilisation 0.427
13:55:57 | INFO    | ltf                | A: lam_between=0.25: total utility 6,143.0, 6,508/6,766 requests served (96.2%), mean utilisation 0.462
13:55:58 | INFO    | ltf                | A: lam_between=0.25: total utility 4,869.5, 6,075/6,235 requests served (97.4%), mean utilisation 0.425
13:55:59 | INFO    | ltf                | A: lam_between=0.25: total utility 6,328.3, 6,526/6,766 requests served (96.5%), mean utilisation 0.460
13:56:00 | INFO    | ltf                | A: lam_between=0.25: total utility 5,033.2, 6,088/6,235 requests served (97.6%), mean utilisation 0.423
13:56:00 | INFO    | ltf                |   episode 20/30: eps=0.50, train utility 11361.6, |V|>0 on 35009/104400 states
13:56:01 | INFO    | ltf                | A: lam_between=0.25: total utility 6,541.4, 6,511/6,766 requests served (96.2%), mean utilisation 0.457
13:56:01 | INFO    | ltf                | A: lam_between=0.25: total utility 5,295.3, 6,075/6,235 requests served (97.4%), mean utilisation 0.420
13:56:02 | INFO    | ltf                | A: lam_between=0.25: total utility 6,530.6, 6,521/6,766 requests served (96.4%), mean utilisation 0.457
13:56:03 | INFO    | ltf                | A: lam_between=0.25: total utility 5,512.7, 6,077/6,235 requests served (97.5%), mean utilisation 0.417
13:56:04 | INFO    | ltf                | A: lam_between=0.25: total utility 6,667.5, 6,508/6,766 requests served (96.2%), mean utilisation 0.454
13:56:05 | INFO    | ltf                | A: lam_between=0.25: total utility 5,731.0, 6,060/6,235 requests served (97.2%), mean utilisation 0.415
13:56:06 | INFO    | ltf                | A: lam_between=0.25: total utility 6,814.1, 6,526/6,766 requests served (96.5%), mean utilisation 0.454
13:56:06 | INFO    | ltf                | A: lam_between=0.25: total utility 5,839.8, 6,072/6,235 requests served (97.4%), mean utilisation 0.414
13:56:07 | INFO    | ltf                | A: lam_between=0.25: total utility 7,056.6, 6,547/6,766 requests served (96.8%), mean utilisation 0.453
13:56:08 | INFO    | ltf                | A: lam_between=0.25: total utility 5,905.4, 6,087/6,235 requests served (97.6%), mean utilisation 0.415
13:56:09 | INFO    | ltf                | A: lam_between=0.25: total utility 7,425.5, 6,529/6,766 requests served (96.5%), mean utilisation 0.448
13:56:10 | INFO    | ltf                | A: lam_between=0.25: total utility 6,202.2, 6,073/6,235 requests served (97.4%), mean utilisation 0.410
13:56:10 | INFO    | ltf                | A: lam_between=0.25: total utility 7,568.2, 6,518/6,766 requests served (96.3%), mean utilisation 0.446
13:56:11 | INFO    | ltf                | A: lam_between=0.25: total utility 6,325.9, 6,094/6,235 requests served (97.7%), mean utilisation 0.410
13:56:12 | INFO    | ltf                | A: lam_between=0.25: total utility 7,685.7, 6,518/6,766 requests served (96.3%), mean utilisation 0.445
13:56:13 | INFO    | ltf                | A: lam_between=0.25: total utility 6,518.8, 6,096/6,235 requests served (97.8%), mean utilisation 0.408
13:56:14 | INFO    | ltf                | A: lam_between=0.25: total utility 7,882.4, 6,540/6,766 requests served (96.7%), mean utilisation 0.443
13:56:15 | INFO    | ltf                | A: lam_between=0.25: total utility 6,563.4, 6,076/6,235 requests served (97.4%), mean utilisation 0.406
13:56:15 | INFO    | ltf                | A: lam_between=0.25: total utility 8,097.0, 6,524/6,766 requests served (96.4%), mean utilisation 0.441
13:56:16 | INFO    | ltf                | A: lam_between=0.25: total utility 6,921.9, 6,088/6,235 requests served (97.6%), mean utilisation 0.404
13:56:16 | INFO    | ltf                |   episode 30/30: eps=0.28, train utility 15019.0, |V|>0 on 39278/104400 states
13:56:16 | INFO    | ltf                | training A: lam_between=0.25 (30 episodes over 2 scenario(s)) done in 51.4s
13:56:17 | INFO    | ltf                | A: lam_between=0.25: total utility 11,010.5, 4,847/6,492 requests served (74.7%), mean utilisation 0.320
13:56:17 | INFO    | ltf                | training A: lam_between=0.5 (30 episodes over 2 scenario(s)) ...
13:56:18 | INFO    | ltf                | A: lam_between=0.5: total utility 2,779.8, 6,499/6,766 requests served (96.1%), mean utilisation 0.493
13:56:19 | INFO    | ltf                | A: lam_between=0.5: total utility 1,924.3, 6,053/6,235 requests served (97.1%), mean utilisation 0.455
13:56:20 | INFO    | ltf                | A: lam_between=0.5: total utility 2,977.1, 6,526/6,766 requests served (96.5%), mean utilisation 0.494
13:56:21 | INFO    | ltf                | A: lam_between=0.5: total utility 2,042.9, 6,078/6,235 requests served (97.5%), mean utilisation 0.456
13:56:22 | INFO    | ltf                | A: lam_between=0.5: total utility 3,012.4, 6,523/6,766 requests served (96.4%), mean utilisation 0.494
13:56:22 | INFO    | ltf                | A: lam_between=0.5: total utility 2,279.1, 6,080/6,235 requests served (97.5%), mean utilisation 0.453
13:56:23 | INFO    | ltf                | A: lam_between=0.5: total utility 3,264.8, 6,507/6,766 requests served (96.2%), mean utilisation 0.490
13:56:24 | INFO    | ltf                | A: lam_between=0.5: total utility 2,313.5, 6,065/6,235 requests served (97.3%), mean utilisation 0.451
13:56:25 | INFO    | ltf                | A: lam_between=0.5: total utility 3,314.8, 6,523/6,766 requests served (96.4%), mean utilisation 0.492
13:56:26 | INFO    | ltf                | A: lam_between=0.5: total utility 2,318.8, 6,042/6,235 requests served (96.9%), mean utilisation 0.449
13:56:27 | INFO    | ltf                | A: lam_between=0.5: total utility 3,532.6, 6,499/6,766 requests served (96.1%), mean utilisation 0.487
13:56:27 | INFO    | ltf                | A: lam_between=0.5: total utility 2,791.2, 6,071/6,235 requests served (97.4%), mean utilisation 0.447
13:56:28 | INFO    | ltf                | A: lam_between=0.5: total utility 3,709.2, 6,505/6,766 requests served (96.1%), mean utilisation 0.486
13:56:29 | INFO    | ltf                | A: lam_between=0.5: total utility 2,800.2, 6,081/6,235 requests served (97.5%), mean utilisation 0.448
13:56:30 | INFO    | ltf                | A: lam_between=0.5: total utility 3,923.5, 6,514/6,766 requests served (96.3%), mean utilisation 0.483
13:56:31 | INFO    | ltf                | A: lam_between=0.5: total utility 3,007.3, 6,071/6,235 requests served (97.4%), mean utilisation 0.444
13:56:32 | INFO    | ltf                | A: lam_between=0.5: total utility 4,246.3, 6,517/6,766 requests served (96.3%), mean utilisation 0.481
13:56:32 | INFO    | ltf                | A: lam_between=0.5: total utility 3,194.7, 6,075/6,235 requests served (97.4%), mean utilisation 0.443
13:56:33 | INFO    | ltf                | A: lam_between=0.5: total utility 4,480.2, 6,515/6,766 requests served (96.3%), mean utilisation 0.479
13:56:34 | INFO    | ltf                | A: lam_between=0.5: total utility 3,434.4, 6,077/6,235 requests served (97.5%), mean utilisation 0.441
13:56:34 | INFO    | ltf                |   episode 10/30: eps=0.71, train utility 7914.6, |V|>0 on 27570/104400 states
13:56:35 | INFO    | ltf                | A: lam_between=0.5: total utility 4,666.3, 6,505/6,766 requests served (96.1%), mean utilisation 0.475
13:56:36 | INFO    | ltf                | A: lam_between=0.5: total utility 3,480.6, 6,055/6,235 requests served (97.1%), mean utilisation 0.438
13:56:36 | INFO    | ltf                | A: lam_between=0.5: total utility 4,687.5, 6,507/6,766 requests served (96.2%), mean utilisation 0.475
13:56:37 | INFO    | ltf                | A: lam_between=0.5: total utility 3,695.0, 6,071/6,235 requests served (97.4%), mean utilisation 0.437
13:56:38 | INFO    | ltf                | A: lam_between=0.5: total utility 4,861.2, 6,507/6,766 requests served (96.2%), mean utilisation 0.473
13:56:39 | INFO    | ltf                | A: lam_between=0.5: total utility 3,992.5, 6,062/6,235 requests served (97.2%), mean utilisation 0.434
13:56:40 | INFO    | ltf                | A: lam_between=0.5: total utility 5,257.7, 6,511/6,766 requests served (96.2%), mean utilisation 0.470
13:56:40 | INFO    | ltf                | A: lam_between=0.5: total utility 3,939.9, 6,077/6,235 requests served (97.5%), mean utilisation 0.434
13:56:41 | INFO    | ltf                | A: lam_between=0.5: total utility 5,519.1, 6,526/6,766 requests served (96.5%), mean utilisation 0.469
13:56:42 | INFO    | ltf                | A: lam_between=0.5: total utility 4,152.5, 6,082/6,235 requests served (97.5%), mean utilisation 0.433
13:56:44 | INFO    | ltf                | A: lam_between=0.5: total utility 5,340.1, 6,532/6,766 requests served (96.5%), mean utilisation 0.470
13:56:45 | INFO    | ltf                | A: lam_between=0.5: total utility 4,382.4, 6,064/6,235 requests served (97.3%), mean utilisation 0.429
13:56:46 | INFO    | ltf                | A: lam_between=0.5: total utility 5,660.7, 6,520/6,766 requests served (96.4%), mean utilisation 0.465
13:56:47 | INFO    | ltf                | A: lam_between=0.5: total utility 4,627.8, 6,083/6,235 requests served (97.6%), mean utilisation 0.428
13:56:48 | INFO    | ltf                | A: lam_between=0.5: total utility 5,747.9, 6,490/6,766 requests served (95.9%), mean utilisation 0.463
13:56:49 | INFO    | ltf                | A: lam_between=0.5: total utility 4,803.1, 6,066/6,235 requests served (97.3%), mean utilisation 0.426
13:56:50 | INFO    | ltf                | A: lam_between=0.5: total utility 6,051.2, 6,508/6,766 requests served (96.2%), mean utilisation 0.462
13:56:50 | INFO    | ltf                | A: lam_between=0.5: total utility 4,991.9, 6,069/6,235 requests served (97.3%), mean utilisation 0.423
13:56:51 | INFO    | ltf                | A: lam_between=0.5: total utility 6,183.9, 6,531/6,766 requests served (96.5%), mean utilisation 0.461
13:56:52 | INFO    | ltf                | A: lam_between=0.5: total utility 5,124.6, 6,075/6,235 requests served (97.4%), mean utilisation 0.421
13:56:52 | INFO    | ltf                |   episode 20/30: eps=0.50, train utility 11308.5, |V|>0 on 34959/104400 states
13:56:53 | INFO    | ltf                | A: lam_between=0.5: total utility 6,301.8, 6,520/6,766 requests served (96.4%), mean utilisation 0.460
13:56:54 | INFO    | ltf                | A: lam_between=0.5: total utility 5,125.6, 6,081/6,235 requests served (97.5%), mean utilisation 0.422
13:56:55 | INFO    | ltf                | A: lam_between=0.5: total utility 6,435.4, 6,534/6,766 requests served (96.6%), mean utilisation 0.458
13:56:55 | INFO    | ltf                | A: lam_between=0.5: total utility 5,294.8, 6,088/6,235 requests served (97.6%), mean utilisation 0.420
13:56:56 | INFO    | ltf                | A: lam_between=0.5: total utility 6,816.8, 6,541/6,766 requests served (96.7%), mean utilisation 0.456
13:56:57 | INFO    | ltf                | A: lam_between=0.5: total utility 5,540.9, 6,074/6,235 requests served (97.4%), mean utilisation 0.417
13:56:58 | INFO    | ltf                | A: lam_between=0.5: total utility 6,867.0, 6,536/6,766 requests served (96.6%), mean utilisation 0.455
13:56:59 | INFO    | ltf                | A: lam_between=0.5: total utility 5,792.0, 6,070/6,235 requests served (97.4%), mean utilisation 0.414
13:57:00 | INFO    | ltf                | A: lam_between=0.5: total utility 7,152.1, 6,524/6,766 requests served (96.4%), mean utilisation 0.451
13:57:01 | INFO    | ltf                | A: lam_between=0.5: total utility 5,794.5, 6,082/6,235 requests served (97.5%), mean utilisation 0.415
13:57:02 | INFO    | ltf                | A: lam_between=0.5: total utility 7,275.4, 6,522/6,766 requests served (96.4%), mean utilisation 0.450
13:57:03 | INFO    | ltf                | A: lam_between=0.5: total utility 5,915.8, 6,072/6,235 requests served (97.4%), mean utilisation 0.412
13:57:03 | INFO    | ltf                | A: lam_between=0.5: total utility 7,338.0, 6,528/6,766 requests served (96.5%), mean utilisation 0.449
13:57:04 | INFO    | ltf                | A: lam_between=0.5: total utility 6,203.2, 6,067/6,235 requests served (97.3%), mean utilisation 0.409
13:57:05 | INFO    | ltf                | A: lam_between=0.5: total utility 7,587.4, 6,524/6,766 requests served (96.4%), mean utilisation 0.447
13:57:06 | INFO    | ltf                | A: lam_between=0.5: total utility 6,506.1, 6,075/6,235 requests served (97.4%), mean utilisation 0.407
13:57:07 | INFO    | ltf                | A: lam_between=0.5: total utility 7,893.7, 6,519/6,766 requests served (96.3%), mean utilisation 0.443
13:57:07 | INFO    | ltf                | A: lam_between=0.5: total utility 6,544.1, 6,085/6,235 requests served (97.6%), mean utilisation 0.406
13:57:08 | INFO    | ltf                | A: lam_between=0.5: total utility 7,861.2, 6,539/6,766 requests served (96.6%), mean utilisation 0.444
13:57:09 | INFO    | ltf                | A: lam_between=0.5: total utility 6,874.1, 6,088/6,235 requests served (97.6%), mean utilisation 0.404
13:57:09 | INFO    | ltf                |   episode 30/30: eps=0.28, train utility 14735.3, |V|>0 on 39214/104400 states
13:57:09 | INFO    | ltf                | training A: lam_between=0.5 (30 episodes over 2 scenario(s)) done in 52.2s
13:57:10 | INFO    | ltf                | A: lam_between=0.5: total utility 10,971.3, 4,802/6,492 requests served (74.0%), mean utilisation 0.319
13:57:10 | INFO    | ltf                | training A: lam_between=1.0 (30 episodes over 2 scenario(s)) ...
13:57:11 | INFO    | ltf                | A: lam_between=1.0: total utility 2,942.3, 6,523/6,766 requests served (96.4%), mean utilisation 0.493
13:57:12 | INFO    | ltf                | A: lam_between=1.0: total utility 1,825.0, 6,068/6,235 requests served (97.3%), mean utilisation 0.456
13:57:13 | INFO    | ltf                | A: lam_between=1.0: total utility 2,911.7, 6,507/6,766 requests served (96.2%), mean utilisation 0.492
13:57:13 | INFO    | ltf                | A: lam_between=1.0: total utility 2,154.0, 6,071/6,235 requests served (97.4%), mean utilisation 0.453
13:57:14 | INFO    | ltf                | A: lam_between=1.0: total utility 3,123.3, 6,528/6,766 requests served (96.5%), mean utilisation 0.492
13:57:15 | INFO    | ltf                | A: lam_between=1.0: total utility 2,246.9, 6,061/6,235 requests served (97.2%), mean utilisation 0.451
13:57:16 | INFO    | ltf                | A: lam_between=1.0: total utility 3,356.3, 6,499/6,766 requests served (96.1%), mean utilisation 0.489
13:57:17 | INFO    | ltf                | A: lam_between=1.0: total utility 2,228.5, 6,062/6,235 requests served (97.2%), mean utilisation 0.451
13:57:17 | INFO    | ltf                | A: lam_between=1.0: total utility 3,339.2, 6,491/6,766 requests served (95.9%), mean utilisation 0.488
13:57:18 | INFO    | ltf                | A: lam_between=1.0: total utility 2,352.7, 6,071/6,235 requests served (97.4%), mean utilisation 0.451
13:57:19 | INFO    | ltf                | A: lam_between=1.0: total utility 3,770.0, 6,512/6,766 requests served (96.2%), mean utilisation 0.486
13:57:20 | INFO    | ltf                | A: lam_between=1.0: total utility 2,657.2, 6,084/6,235 requests served (97.6%), mean utilisation 0.448
13:57:21 | INFO    | ltf                | A: lam_between=1.0: total utility 3,904.7, 6,511/6,766 requests served (96.2%), mean utilisation 0.485
13:57:21 | INFO    | ltf                | A: lam_between=1.0: total utility 2,881.3, 6,047/6,235 requests served (97.0%), mean utilisation 0.445
13:57:22 | INFO    | ltf                | A: lam_between=1.0: total utility 3,980.6, 6,505/6,766 requests served (96.1%), mean utilisation 0.480
13:57:23 | INFO    | ltf                | A: lam_between=1.0: total utility 3,049.8, 6,082/6,235 requests served (97.5%), mean utilisation 0.445
13:57:24 | INFO    | ltf                | A: lam_between=1.0: total utility 4,312.3, 6,499/6,766 requests served (96.1%), mean utilisation 0.478
13:57:25 | INFO    | ltf                | A: lam_between=1.0: total utility 3,179.4, 6,050/6,235 requests served (97.0%), mean utilisation 0.442
13:57:26 | INFO    | ltf                | A: lam_between=1.0: total utility 4,404.3, 6,529/6,766 requests served (96.5%), mean utilisation 0.480
13:57:27 | INFO    | ltf                | A: lam_between=1.0: total utility 3,449.7, 6,079/6,235 requests served (97.5%), mean utilisation 0.441
13:57:27 | INFO    | ltf                |   episode 10/30: eps=0.71, train utility 7854.0, |V|>0 on 27764/104400 states
13:57:27 | INFO    | ltf                | A: lam_between=1.0: total utility 4,464.1, 6,517/6,766 requests served (96.3%), mean utilisation 0.479
13:57:28 | INFO    | ltf                | A: lam_between=1.0: total utility 3,550.9, 6,066/6,235 requests served (97.3%), mean utilisation 0.439
13:57:29 | INFO    | ltf                | A: lam_between=1.0: total utility 4,544.5, 6,489/6,766 requests served (95.9%), mean utilisation 0.475
13:57:30 | INFO    | ltf                | A: lam_between=1.0: total utility 3,575.9, 6,059/6,235 requests served (97.2%), mean utilisation 0.437
13:57:31 | INFO    | ltf                | A: lam_between=1.0: total utility 4,977.4, 6,511/6,766 requests served (96.2%), mean utilisation 0.474
13:57:32 | INFO    | ltf                | A: lam_between=1.0: total utility 3,909.8, 6,054/6,235 requests served (97.1%), mean utilisation 0.434
13:57:35 | INFO    | ltf                | A: lam_between=1.0: total utility 5,190.1, 6,502/6,766 requests served (96.1%), mean utilisation 0.470
13:57:37 | INFO    | ltf                | A: lam_between=1.0: total utility 4,251.7, 6,092/6,235 requests served (97.7%), mean utilisation 0.433
13:57:38 | INFO    | ltf                | A: lam_between=1.0: total utility 5,375.9, 6,531/6,766 requests served (96.5%), mean utilisation 0.472
13:57:39 | INFO    | ltf                | A: lam_between=1.0: total utility 4,301.0, 6,070/6,235 requests served (97.4%), mean utilisation 0.431
13:57:40 | INFO    | ltf                | A: lam_between=1.0: total utility 5,409.3, 6,501/6,766 requests served (96.1%), mean utilisation 0.468
13:57:41 | INFO    | ltf                | A: lam_between=1.0: total utility 4,270.2, 6,070/6,235 requests served (97.4%), mean utilisation 0.430
13:57:42 | INFO    | ltf                | A: lam_between=1.0: total utility 5,657.8, 6,505/6,766 requests served (96.1%), mean utilisation 0.465
14:08:15 | INFO    | ltf                | A: lam_between=1.0: total utility 4,706.9, 6,069/6,235 requests served (97.3%), mean utilisation 0.426
14:08:17 | INFO    | ltf                | A: lam_between=1.0: total utility 5,711.2, 6,533/6,766 requests served (96.6%), mean utilisation 0.467
14:08:19 | INFO    | ltf                | A: lam_between=1.0: total utility 4,908.0, 6,086/6,235 requests served (97.6%), mean utilisation 0.425
14:08:22 | INFO    | ltf                | A: lam_between=1.0: total utility 6,078.6, 6,512/6,766 requests served (96.2%), mean utilisation 0.462
14:08:24 | INFO    | ltf                | A: lam_between=1.0: total utility 4,977.2, 6,069/6,235 requests served (97.3%), mean utilisation 0.423
14:08:27 | INFO    | ltf                | A: lam_between=1.0: total utility 6,257.2, 6,517/6,766 requests served (96.3%), mean utilisation 0.460
14:08:30 | INFO    | ltf                | A: lam_between=1.0: total utility 5,131.6, 6,083/6,235 requests served (97.6%), mean utilisation 0.423
14:08:30 | INFO    | ltf                |   episode 20/30: eps=0.50, train utility 11388.8, |V|>0 on 34889/104400 states
14:08:32 | INFO    | ltf                | A: lam_between=1.0: total utility 6,457.2, 6,520/6,766 requests served (96.4%), mean utilisation 0.458
14:08:35 | INFO    | ltf                | A: lam_between=1.0: total utility 5,321.0, 6,083/6,235 requests served (97.6%), mean utilisation 0.421
14:08:37 | INFO    | ltf                | A: lam_between=1.0: total utility 6,555.0, 6,534/6,766 requests served (96.6%), mean utilisation 0.458
14:08:39 | INFO    | ltf                | A: lam_between=1.0: total utility 5,501.6, 6,087/6,235 requests served (97.6%), mean utilisation 0.419
14:08:40 | INFO    | ltf                | A: lam_between=1.0: total utility 6,719.7, 6,527/6,766 requests served (96.5%), mean utilisation 0.456
14:08:41 | INFO    | ltf                | A: lam_between=1.0: total utility 5,784.4, 6,086/6,235 requests served (97.6%), mean utilisation 0.417
14:08:42 | INFO    | ltf                | A: lam_between=1.0: total utility 6,958.3, 6,521/6,766 requests served (96.4%), mean utilisation 0.453
14:08:43 | INFO    | ltf                | A: lam_between=1.0: total utility 5,925.7, 6,081/6,235 requests served (97.5%), mean utilisation 0.414
14:08:45 | INFO    | ltf                | A: lam_between=1.0: total utility 7,019.7, 6,523/6,766 requests served (96.4%), mean utilisation 0.452
14:08:45 | INFO    | ltf                | A: lam_between=1.0: total utility 5,932.9, 6,096/6,235 requests served (97.8%), mean utilisation 0.415
14:08:46 | INFO    | ltf                | A: lam_between=1.0: total utility 7,357.3, 6,535/6,766 requests served (96.6%), mean utilisation 0.450
14:08:47 | INFO    | ltf                | A: lam_between=1.0: total utility 6,117.1, 6,084/6,235 requests served (97.6%), mean utilisation 0.413
14:08:48 | INFO    | ltf                | A: lam_between=1.0: total utility 7,344.8, 6,527/6,766 requests served (96.5%), mean utilisation 0.448
14:08:49 | INFO    | ltf                | A: lam_between=1.0: total utility 6,100.1, 6,090/6,235 requests served (97.7%), mean utilisation 0.412
14:08:50 | INFO    | ltf                | A: lam_between=1.0: total utility 7,531.3, 6,513/6,766 requests served (96.3%), mean utilisation 0.446
14:08:50 | INFO    | ltf                | A: lam_between=1.0: total utility 6,543.9, 6,080/6,235 requests served (97.5%), mean utilisation 0.407
14:08:51 | INFO    | ltf                | A: lam_between=1.0: total utility 7,846.2, 6,507/6,766 requests served (96.2%), mean utilisation 0.441
14:08:52 | INFO    | ltf                | A: lam_between=1.0: total utility 6,489.9, 6,088/6,235 requests served (97.6%), mean utilisation 0.407
14:08:53 | INFO    | ltf                | A: lam_between=1.0: total utility 7,910.3, 6,535/6,766 requests served (96.6%), mean utilisation 0.444
14:08:54 | INFO    | ltf                | A: lam_between=1.0: total utility 6,747.3, 6,085/6,235 requests served (97.6%), mean utilisation 0.404
14:08:54 | INFO    | ltf                |   episode 30/30: eps=0.28, train utility 14657.6, |V|>0 on 39134/104400 states
14:08:54 | INFO    | ltf                | training A: lam_between=1.0 (30 episodes over 2 scenario(s)) done in 75.2s
14:08:54 | INFO    | ltf                | A: lam_between=1.0: total utility 10,953.7, 4,865/6,492 requests served (74.9%), mean utilisation 0.322
14:08:54 | INFO    | ltf                | training A: lam_between=2.0 (30 episodes over 2 scenario(s)) ...
14:08:55 | INFO    | ltf                | A: lam_between=2.0: total utility 2,731.4, 6,512/6,766 requests served (96.2%), mean utilisation 0.494
14:08:56 | INFO    | ltf                | A: lam_between=2.0: total utility 1,776.3, 6,074/6,235 requests served (97.4%), mean utilisation 0.457
14:08:57 | INFO    | ltf                | A: lam_between=2.0: total utility 2,935.0, 6,517/6,766 requests served (96.3%), mean utilisation 0.492
14:08:58 | INFO    | ltf                | A: lam_between=2.0: total utility 2,016.2, 6,071/6,235 requests served (97.4%), mean utilisation 0.454
14:08:58 | INFO    | ltf                | A: lam_between=2.0: total utility 2,941.1, 6,509/6,766 requests served (96.2%), mean utilisation 0.493
14:08:59 | INFO    | ltf                | A: lam_between=2.0: total utility 2,286.6, 6,058/6,235 requests served (97.2%), mean utilisation 0.450
14:09:00 | INFO    | ltf                | A: lam_between=2.0: total utility 3,449.4, 6,520/6,766 requests served (96.4%), mean utilisation 0.489
14:09:01 | INFO    | ltf                | A: lam_between=2.0: total utility 2,271.8, 6,063/6,235 requests served (97.2%), mean utilisation 0.451
14:09:02 | INFO    | ltf                | A: lam_between=2.0: total utility 3,382.3, 6,476/6,766 requests served (95.7%), mean utilisation 0.486
14:09:03 | INFO    | ltf                | A: lam_between=2.0: total utility 2,587.1, 6,053/6,235 requests served (97.1%), mean utilisation 0.448
14:09:03 | INFO    | ltf                | A: lam_between=2.0: total utility 3,695.5, 6,507/6,766 requests served (96.2%), mean utilisation 0.486
14:09:04 | INFO    | ltf                | A: lam_between=2.0: total utility 2,775.5, 6,064/6,235 requests served (97.3%), mean utilisation 0.446
14:09:05 | INFO    | ltf                | A: lam_between=2.0: total utility 4,203.8, 6,519/6,766 requests served (96.3%), mean utilisation 0.482
14:09:06 | INFO    | ltf                | A: lam_between=2.0: total utility 2,895.7, 6,076/6,235 requests served (97.4%), mean utilisation 0.446
14:09:07 | INFO    | ltf                | A: lam_between=2.0: total utility 4,094.3, 6,509/6,766 requests served (96.2%), mean utilisation 0.482
14:09:07 | INFO    | ltf                | A: lam_between=2.0: total utility 3,018.2, 6,081/6,235 requests served (97.5%), mean utilisation 0.444
14:09:08 | INFO    | ltf                | A: lam_between=2.0: total utility 4,128.4, 6,510/6,766 requests served (96.2%), mean utilisation 0.481
14:09:09 | INFO    | ltf                | A: lam_between=2.0: total utility 3,234.1, 6,073/6,235 requests served (97.4%), mean utilisation 0.442
14:09:10 | INFO    | ltf                | A: lam_between=2.0: total utility 4,511.9, 6,505/6,766 requests served (96.1%), mean utilisation 0.478
14:09:11 | INFO    | ltf                | A: lam_between=2.0: total utility 3,388.5, 6,074/6,235 requests served (97.4%), mean utilisation 0.440
14:09:11 | INFO    | ltf                |   episode 10/30: eps=0.71, train utility 7900.3, |V|>0 on 27734/104400 states
14:09:12 | INFO    | ltf                | A: lam_between=2.0: total utility 4,600.5, 6,537/6,766 requests served (96.6%), mean utilisation 0.480
14:09:13 | INFO    | ltf                | A: lam_between=2.0: total utility 3,520.6, 6,081/6,235 requests served (97.5%), mean utilisation 0.439
14:09:14 | INFO    | ltf                | A: lam_between=2.0: total utility 4,762.4, 6,512/6,766 requests served (96.2%), mean utilisation 0.476
14:09:15 | INFO    | ltf                | A: lam_between=2.0: total utility 3,664.1, 6,078/6,235 requests served (97.5%), mean utilisation 0.438
14:09:15 | INFO    | ltf                | A: lam_between=2.0: total utility 4,872.8, 6,515/6,766 requests served (96.3%), mean utilisation 0.475
14:09:16 | INFO    | ltf                | A: lam_between=2.0: total utility 3,832.7, 6,064/6,235 requests served (97.3%), mean utilisation 0.435
14:09:17 | INFO    | ltf                | A: lam_between=2.0: total utility 5,283.9, 6,506/6,766 requests served (96.2%), mean utilisation 0.469
14:09:19 | INFO    | ltf                | A: lam_between=2.0: total utility 4,092.5, 6,084/6,235 requests served (97.6%), mean utilisation 0.433
14:09:20 | INFO    | ltf                | A: lam_between=2.0: total utility 5,398.6, 6,492/6,766 requests served (96.0%), mean utilisation 0.468
14:09:20 | INFO    | ltf                | A: lam_between=2.0: total utility 4,388.3, 6,075/6,235 requests served (97.4%), mean utilisation 0.431
14:09:21 | INFO    | ltf                | A: lam_between=2.0: total utility 5,387.8, 6,517/6,766 requests served (96.3%), mean utilisation 0.469
14:09:22 | INFO    | ltf                | A: lam_between=2.0: total utility 4,383.4, 6,069/6,235 requests served (97.3%), mean utilisation 0.429
14:09:23 | INFO    | ltf                | A: lam_between=2.0: total utility 5,684.9, 6,507/6,766 requests served (96.2%), mean utilisation 0.466
14:09:24 | INFO    | ltf                | A: lam_between=2.0: total utility 4,659.8, 6,090/6,235 requests served (97.7%), mean utilisation 0.428
14:09:24 | INFO    | ltf                | A: lam_between=2.0: total utility 5,799.9, 6,500/6,766 requests served (96.1%), mean utilisation 0.465
14:09:25 | INFO    | ltf                | A: lam_between=2.0: total utility 4,810.8, 6,081/6,235 requests served (97.5%), mean utilisation 0.426
14:09:26 | INFO    | ltf                | A: lam_between=2.0: total utility 6,029.5, 6,500/6,766 requests served (96.1%), mean utilisation 0.461
14:09:27 | INFO    | ltf                | A: lam_between=2.0: total utility 4,967.2, 6,081/6,235 requests served (97.5%), mean utilisation 0.424
14:09:28 | INFO    | ltf                | A: lam_between=2.0: total utility 6,157.9, 6,507/6,766 requests served (96.2%), mean utilisation 0.459
14:09:28 | INFO    | ltf                | A: lam_between=2.0: total utility 5,070.4, 6,091/6,235 requests served (97.7%), mean utilisation 0.424
14:09:28 | INFO    | ltf                |   episode 20/30: eps=0.50, train utility 11228.3, |V|>0 on 35029/104400 states
14:09:29 | INFO    | ltf                | A: lam_between=2.0: total utility 6,347.5, 6,521/6,766 requests served (96.4%), mean utilisation 0.459
14:09:30 | INFO    | ltf                | A: lam_between=2.0: total utility 5,158.4, 6,073/6,235 requests served (97.4%), mean utilisation 0.422
14:09:31 | INFO    | ltf                | A: lam_between=2.0: total utility 6,525.3, 6,529/6,766 requests served (96.5%), mean utilisation 0.459
14:09:32 | INFO    | ltf                | A: lam_between=2.0: total utility 5,271.5, 6,082/6,235 requests served (97.5%), mean utilisation 0.420
14:09:33 | INFO    | ltf                | A: lam_between=2.0: total utility 6,792.7, 6,504/6,766 requests served (96.1%), mean utilisation 0.454
14:09:33 | INFO    | ltf                | A: lam_between=2.0: total utility 5,790.3, 6,085/6,235 requests served (97.6%), mean utilisation 0.415
14:09:34 | INFO    | ltf                | A: lam_between=2.0: total utility 6,926.9, 6,526/6,766 requests served (96.5%), mean utilisation 0.454
14:09:35 | INFO    | ltf                | A: lam_between=2.0: total utility 5,745.2, 6,089/6,235 requests served (97.7%), mean utilisation 0.416
14:09:36 | INFO    | ltf                | A: lam_between=2.0: total utility 6,986.1, 6,533/6,766 requests served (96.6%), mean utilisation 0.453
14:09:37 | INFO    | ltf                | A: lam_between=2.0: total utility 6,141.8, 6,076/6,235 requests served (97.4%), mean utilisation 0.411
14:09:38 | INFO    | ltf                | A: lam_between=2.0: total utility 7,236.0, 6,533/6,766 requests served (96.6%), mean utilisation 0.450
14:09:38 | INFO    | ltf                | A: lam_between=2.0: total utility 6,004.6, 6,086/6,235 requests served (97.6%), mean utilisation 0.413
14:09:39 | INFO    | ltf                | A: lam_between=2.0: total utility 7,280.1, 6,523/6,766 requests served (96.4%), mean utilisation 0.449
14:09:40 | INFO    | ltf                | A: lam_between=2.0: total utility 6,165.1, 6,094/6,235 requests served (97.7%), mean utilisation 0.411
14:09:41 | INFO    | ltf                | A: lam_between=2.0: total utility 7,620.9, 6,546/6,766 requests served (96.7%), mean utilisation 0.448
14:09:42 | INFO    | ltf                | A: lam_between=2.0: total utility 6,534.0, 6,076/6,235 requests served (97.4%), mean utilisation 0.406
14:09:42 | INFO    | ltf                | A: lam_between=2.0: total utility 7,990.3, 6,522/6,766 requests served (96.4%), mean utilisation 0.442
14:09:43 | INFO    | ltf                | A: lam_between=2.0: total utility 6,608.0, 6,081/6,235 requests served (97.5%), mean utilisation 0.407
14:09:44 | INFO    | ltf                | A: lam_between=2.0: total utility 7,836.0, 6,530/6,766 requests served (96.5%), mean utilisation 0.443
14:09:45 | INFO    | ltf                | A: lam_between=2.0: total utility 6,732.5, 6,077/6,235 requests served (97.5%), mean utilisation 0.404
14:09:45 | INFO    | ltf                |   episode 30/30: eps=0.28, train utility 14568.5, |V|>0 on 39129/104400 states
14:09:45 | INFO    | ltf                | training A: lam_between=2.0 (30 episodes over 2 scenario(s)) done in 50.5s
14:09:46 | INFO    | ltf                | A: lam_between=2.0: total utility 10,970.7, 4,841/6,492 requests served (74.6%), mean utilisation 0.322
14:09:46 | INFO    | ltf                | training A: lam_between=4.0 (30 episodes over 2 scenario(s)) ...
14:09:47 | INFO    | ltf                | A: lam_between=4.0: total utility 3,000.1, 6,529/6,766 requests served (96.5%), mean utilisation 0.494
14:09:47 | INFO    | ltf                | A: lam_between=4.0: total utility 1,798.1, 6,065/6,235 requests served (97.3%), mean utilisation 0.456
14:09:48 | INFO    | ltf                | A: lam_between=4.0: total utility 2,846.0, 6,511/6,766 requests served (96.2%), mean utilisation 0.494
14:09:49 | INFO    | ltf                | A: lam_between=4.0: total utility 2,141.6, 6,071/6,235 requests served (97.4%), mean utilisation 0.452
14:09:50 | INFO    | ltf                | A: lam_between=4.0: total utility 2,972.1, 6,501/6,766 requests served (96.1%), mean utilisation 0.492
14:09:51 | INFO    | ltf                | A: lam_between=4.0: total utility 2,476.6, 6,058/6,235 requests served (97.2%), mean utilisation 0.448
14:09:52 | INFO    | ltf                | A: lam_between=4.0: total utility 3,231.9, 6,498/6,766 requests served (96.0%), mean utilisation 0.489
14:09:52 | INFO    | ltf                | A: lam_between=4.0: total utility 2,415.1, 6,086/6,235 requests served (97.6%), mean utilisation 0.452
14:09:53 | INFO    | ltf                | A: lam_between=4.0: total utility 3,305.4, 6,493/6,766 requests served (96.0%), mean utilisation 0.490
14:09:54 | INFO    | ltf                | A: lam_between=4.0: total utility 2,667.5, 6,073/6,235 requests served (97.4%), mean utilisation 0.447
14:09:55 | INFO    | ltf                | A: lam_between=4.0: total utility 3,507.0, 6,499/6,766 requests served (96.1%), mean utilisation 0.487
14:09:56 | INFO    | ltf                | A: lam_between=4.0: total utility 2,783.6, 6,072/6,235 requests served (97.4%), mean utilisation 0.447
14:09:56 | INFO    | ltf                | A: lam_between=4.0: total utility 3,888.7, 6,507/6,766 requests served (96.2%), mean utilisation 0.483
14:09:57 | INFO    | ltf                | A: lam_between=4.0: total utility 2,995.5, 6,080/6,235 requests served (97.5%), mean utilisation 0.445
14:09:58 | INFO    | ltf                | A: lam_between=4.0: total utility 3,939.8, 6,489/6,766 requests served (95.9%), mean utilisation 0.482
14:09:59 | INFO    | ltf                | A: lam_between=4.0: total utility 2,983.6, 6,053/6,235 requests served (97.1%), mean utilisation 0.444
14:10:00 | INFO    | ltf                | A: lam_between=4.0: total utility 4,302.0, 6,530/6,766 requests served (96.5%), mean utilisation 0.482
14:10:01 | INFO    | ltf                | A: lam_between=4.0: total utility 3,041.8, 6,069/6,235 requests served (97.3%), mean utilisation 0.443
14:10:01 | INFO    | ltf                | A: lam_between=4.0: total utility 4,332.2, 6,515/6,766 requests served (96.3%), mean utilisation 0.479
14:10:02 | INFO    | ltf                | A: lam_between=4.0: total utility 3,392.3, 6,086/6,235 requests served (97.6%), mean utilisation 0.441
14:10:02 | INFO    | ltf                |   episode 10/30: eps=0.71, train utility 7724.5, |V|>0 on 27619/104400 states
14:10:03 | INFO    | ltf                | A: lam_between=4.0: total utility 4,574.4, 6,544/6,766 requests served (96.7%), mean utilisation 0.479
14:10:04 | INFO    | ltf                | A: lam_between=4.0: total utility 3,595.4, 6,085/6,235 requests served (97.6%), mean utilisation 0.439
14:10:05 | INFO    | ltf                | A: lam_between=4.0: total utility 4,693.3, 6,504/6,766 requests served (96.1%), mean utilisation 0.475
14:10:05 | INFO    | ltf                | A: lam_between=4.0: total utility 3,758.4, 6,083/6,235 requests served (97.6%), mean utilisation 0.438
14:10:06 | INFO    | ltf                | A: lam_between=4.0: total utility 5,145.0, 6,516/6,766 requests served (96.3%), mean utilisation 0.472
14:10:07 | INFO    | ltf                | A: lam_between=4.0: total utility 4,011.5, 6,073/6,235 requests served (97.4%), mean utilisation 0.435
14:10:08 | INFO    | ltf                | A: lam_between=4.0: total utility 5,020.5, 6,494/6,766 requests served (96.0%), mean utilisation 0.472
14:10:09 | INFO    | ltf                | A: lam_between=4.0: total utility 4,068.4, 6,079/6,235 requests served (97.5%), mean utilisation 0.433
14:10:09 | INFO    | ltf                | A: lam_between=4.0: total utility 5,320.9, 6,493/6,766 requests served (96.0%), mean utilisation 0.468
14:10:10 | INFO    | ltf                | A: lam_between=4.0: total utility 4,336.3, 6,067/6,235 requests served (97.3%), mean utilisation 0.430
14:10:11 | INFO    | ltf                | A: lam_between=4.0: total utility 5,252.7, 6,514/6,766 requests served (96.3%), mean utilisation 0.470
14:10:12 | INFO    | ltf                | A: lam_between=4.0: total utility 4,464.1, 6,067/6,235 requests served (97.3%), mean utilisation 0.429
14:10:13 | INFO    | ltf                | A: lam_between=4.0: total utility 5,685.8, 6,533/6,766 requests served (96.6%), mean utilisation 0.468
14:10:14 | INFO    | ltf                | A: lam_between=4.0: total utility 4,583.3, 6,088/6,235 requests served (97.6%), mean utilisation 0.429
14:10:15 | INFO    | ltf                | A: lam_between=4.0: total utility 5,766.5, 6,532/6,766 requests served (96.5%), mean utilisation 0.465
14:10:15 | INFO    | ltf                | A: lam_between=4.0: total utility 4,892.2, 6,077/6,235 requests served (97.5%), mean utilisation 0.425
14:10:16 | INFO    | ltf                | A: lam_between=4.0: total utility 6,016.0, 6,510/6,766 requests served (96.2%), mean utilisation 0.461
14:10:17 | INFO    | ltf                | A: lam_between=4.0: total utility 4,833.9, 6,081/6,235 requests served (97.5%), mean utilisation 0.426
14:10:18 | INFO    | ltf                | A: lam_between=4.0: total utility 6,406.1, 6,533/6,766 requests served (96.6%), mean utilisation 0.459
14:10:19 | INFO    | ltf                | A: lam_between=4.0: total utility 5,031.6, 6,077/6,235 requests served (97.5%), mean utilisation 0.423
14:10:19 | INFO    | ltf                |   episode 20/30: eps=0.50, train utility 11437.7, |V|>0 on 34855/104400 states
14:10:20 | INFO    | ltf                | A: lam_between=4.0: total utility 6,388.5, 6,538/6,766 requests served (96.6%), mean utilisation 0.461
14:10:20 | INFO    | ltf                | A: lam_between=4.0: total utility 5,324.4, 6,093/6,235 requests served (97.7%), mean utilisation 0.422
14:10:21 | INFO    | ltf                | A: lam_between=4.0: total utility 6,512.4, 6,507/6,766 requests served (96.2%), mean utilisation 0.456
14:10:22 | INFO    | ltf                | A: lam_between=4.0: total utility 5,404.0, 6,085/6,235 requests served (97.6%), mean utilisation 0.419
14:10:23 | INFO    | ltf                | A: lam_between=4.0: total utility 6,833.1, 6,539/6,766 requests served (96.6%), mean utilisation 0.455
14:10:24 | INFO    | ltf                | A: lam_between=4.0: total utility 5,586.2, 6,094/6,235 requests served (97.7%), mean utilisation 0.419
14:10:25 | INFO    | ltf                | A: lam_between=4.0: total utility 7,027.1, 6,504/6,766 requests served (96.1%), mean utilisation 0.450
14:10:25 | INFO    | ltf                | A: lam_between=4.0: total utility 5,785.3, 6,082/6,235 requests served (97.5%), mean utilisation 0.414
14:10:26 | INFO    | ltf                | A: lam_between=4.0: total utility 7,023.1, 6,524/6,766 requests served (96.4%), mean utilisation 0.452
14:10:27 | INFO    | ltf                | A: lam_between=4.0: total utility 5,828.0, 6,083/6,235 requests served (97.6%), mean utilisation 0.415
14:10:28 | INFO    | ltf                | A: lam_between=4.0: total utility 7,357.3, 6,530/6,766 requests served (96.5%), mean utilisation 0.450
14:10:29 | INFO    | ltf                | A: lam_between=4.0: total utility 6,045.3, 6,088/6,235 requests served (97.6%), mean utilisation 0.412
14:10:29 | INFO    | ltf                | A: lam_between=4.0: total utility 7,445.0, 6,515/6,766 requests served (96.3%), mean utilisation 0.447
14:10:31 | INFO    | ltf                | A: lam_between=4.0: total utility 6,202.0, 6,088/6,235 requests served (97.6%), mean utilisation 0.412
14:10:33 | INFO    | ltf                | A: lam_between=4.0: total utility 7,684.9, 6,534/6,766 requests served (96.6%), mean utilisation 0.446
14:10:33 | INFO    | ltf                | A: lam_between=4.0: total utility 6,616.7, 6,078/6,235 requests served (97.5%), mean utilisation 0.407
14:10:34 | INFO    | ltf                | A: lam_between=4.0: total utility 7,851.6, 6,513/6,766 requests served (96.3%), mean utilisation 0.442
14:10:35 | INFO    | ltf                | A: lam_between=4.0: total utility 6,479.6, 6,095/6,235 requests served (97.8%), mean utilisation 0.409
14:10:36 | INFO    | ltf                | A: lam_between=4.0: total utility 7,886.9, 6,544/6,766 requests served (96.7%), mean utilisation 0.445
14:10:37 | INFO    | ltf                | A: lam_between=4.0: total utility 6,781.5, 6,085/6,235 requests served (97.6%), mean utilisation 0.404
14:10:37 | INFO    | ltf                |   episode 30/30: eps=0.28, train utility 14668.3, |V|>0 on 39018/104400 states
14:10:37 | INFO    | ltf                | training A: lam_between=4.0 (30 episodes over 2 scenario(s)) done in 51.0s
14:10:37 | INFO    | ltf                | A: lam_between=4.0: total utility 10,900.9, 4,806/6,492 requests served (74.0%), mean utilisation 0.320
14:10:37 | INFO    | ltf                | training A: lam_between=8.0 (30 episodes over 2 scenario(s)) ...
14:11:43 | INFO    | ltf                | A: lam_between=8.0: total utility 2,873.7, 6,498/6,766 requests served (96.0%), mean utilisation 0.494
14:11:44 | INFO    | ltf                | A: lam_between=8.0: total utility 1,915.0, 6,048/6,235 requests served (97.0%), mean utilisation 0.454
14:11:45 | INFO    | ltf                | A: lam_between=8.0: total utility 2,847.4, 6,527/6,766 requests served (96.5%), mean utilisation 0.495
14:11:46 | INFO    | ltf                | A: lam_between=8.0: total utility 2,135.3, 6,071/6,235 requests served (97.4%), mean utilisation 0.452
14:11:47 | INFO    | ltf                | A: lam_between=8.0: total utility 3,008.4, 6,494/6,766 requests served (96.0%), mean utilisation 0.490
14:11:48 | INFO    | ltf                | A: lam_between=8.0: total utility 2,255.3, 6,066/6,235 requests served (97.3%), mean utilisation 0.452
14:11:49 | INFO    | ltf                | A: lam_between=8.0: total utility 3,112.0, 6,518/6,766 requests served (96.3%), mean utilisation 0.491
14:11:50 | INFO    | ltf                | A: lam_between=8.0: total utility 2,446.3, 6,067/6,235 requests served (97.3%), mean utilisation 0.451
14:11:51 | INFO    | ltf                | A: lam_between=8.0: total utility 3,462.4, 6,520/6,766 requests served (96.4%), mean utilisation 0.489
14:11:51 | INFO    | ltf                | A: lam_between=8.0: total utility 2,647.1, 6,062/6,235 requests served (97.2%), mean utilisation 0.447
14:11:52 | INFO    | ltf                | A: lam_between=8.0: total utility 3,413.6, 6,506/6,766 requests served (96.2%), mean utilisation 0.487
14:11:53 | INFO    | ltf                | A: lam_between=8.0: total utility 2,903.2, 6,068/6,235 requests served (97.3%), mean utilisation 0.445
14:11:54 | INFO    | ltf                | A: lam_between=8.0: total utility 3,771.4, 6,477/6,766 requests served (95.7%), mean utilisation 0.483
14:11:55 | INFO    | ltf                | A: lam_between=8.0: total utility 2,929.6, 6,068/6,235 requests served (97.3%), mean utilisation 0.445
14:11:55 | INFO    | ltf                | A: lam_between=8.0: total utility 3,816.5, 6,500/6,766 requests served (96.1%), mean utilisation 0.484
14:11:56 | INFO    | ltf                | A: lam_between=8.0: total utility 3,074.7, 6,073/6,235 requests served (97.4%), mean utilisation 0.443
14:11:57 | INFO    | ltf                | A: lam_between=8.0: total utility 4,277.2, 6,518/6,766 requests served (96.3%), mean utilisation 0.482
14:11:58 | INFO    | ltf                | A: lam_between=8.0: total utility 3,104.6, 6,062/6,235 requests served (97.2%), mean utilisation 0.443
14:11:59 | INFO    | ltf                | A: lam_between=8.0: total utility 4,488.3, 6,486/6,766 requests served (95.9%), mean utilisation 0.476
14:12:00 | INFO    | ltf                | A: lam_between=8.0: total utility 3,446.6, 6,066/6,235 requests served (97.3%), mean utilisation 0.440
14:12:00 | INFO    | ltf                |   episode 10/30: eps=0.71, train utility 7935.0, |V|>0 on 27751/104400 states
14:12:01 | INFO    | ltf                | A: lam_between=8.0: total utility 4,528.9, 6,512/6,766 requests served (96.2%), mean utilisation 0.476
14:12:01 | INFO    | ltf                | A: lam_between=8.0: total utility 3,505.2, 6,071/6,235 requests served (97.4%), mean utilisation 0.439
14:12:02 | INFO    | ltf                | A: lam_between=8.0: total utility 4,658.9, 6,518/6,766 requests served (96.3%), mean utilisation 0.477
14:12:03 | INFO    | ltf                | A: lam_between=8.0: total utility 3,606.2, 6,052/6,235 requests served (97.1%), mean utilisation 0.437
14:12:04 | INFO    | ltf                | A: lam_between=8.0: total utility 4,891.8, 6,513/6,766 requests served (96.3%), mean utilisation 0.474
14:12:05 | INFO    | ltf                | A: lam_between=8.0: total utility 3,811.4, 6,089/6,235 requests served (97.7%), mean utilisation 0.437
14:12:06 | INFO    | ltf                | A: lam_between=8.0: total utility 5,213.0, 6,538/6,766 requests served (96.6%), mean utilisation 0.474
14:12:07 | INFO    | ltf                | A: lam_between=8.0: total utility 4,095.0, 6,080/6,235 requests served (97.5%), mean utilisation 0.433
14:12:08 | INFO    | ltf                | A: lam_between=8.0: total utility 5,322.1, 6,528/6,766 requests served (96.5%), mean utilisation 0.471
14:12:09 | INFO    | ltf                | A: lam_between=8.0: total utility 4,419.3, 6,074/6,235 requests served (97.4%), mean utilisation 0.429
14:12:09 | INFO    | ltf                | A: lam_between=8.0: total utility 5,422.6, 6,514/6,766 requests served (96.3%), mean utilisation 0.469
14:12:10 | INFO    | ltf                | A: lam_between=8.0: total utility 4,431.9, 6,074/6,235 requests served (97.4%), mean utilisation 0.429
14:12:11 | INFO    | ltf                | A: lam_between=8.0: total utility 5,555.4, 6,503/6,766 requests served (96.1%), mean utilisation 0.465
14:12:12 | INFO    | ltf                | A: lam_between=8.0: total utility 4,585.4, 6,048/6,235 requests served (97.0%), mean utilisation 0.426
14:12:13 | INFO    | ltf                | A: lam_between=8.0: total utility 5,890.2, 6,523/6,766 requests served (96.4%), mean utilisation 0.464
14:12:13 | INFO    | ltf                | A: lam_between=8.0: total utility 4,685.7, 6,073/6,235 requests served (97.4%), mean utilisation 0.427
14:12:14 | INFO    | ltf                | A: lam_between=8.0: total utility 6,088.7, 6,518/6,766 requests served (96.3%), mean utilisation 0.462
14:12:15 | INFO    | ltf                | A: lam_between=8.0: total utility 5,017.9, 6,084/6,235 requests served (97.6%), mean utilisation 0.425
14:12:16 | INFO    | ltf                | A: lam_between=8.0: total utility 6,173.7, 6,526/6,766 requests served (96.5%), mean utilisation 0.461
14:12:17 | INFO    | ltf                | A: lam_between=8.0: total utility 5,031.4, 6,089/6,235 requests served (97.7%), mean utilisation 0.425
14:12:17 | INFO    | ltf                |   episode 20/30: eps=0.50, train utility 11205.1, |V|>0 on 34993/104400 states
14:12:18 | INFO    | ltf                | A: lam_between=8.0: total utility 6,429.6, 6,524/6,766 requests served (96.4%), mean utilisation 0.458
14:12:19 | INFO    | ltf                | A: lam_between=8.0: total utility 5,207.4, 6,067/6,235 requests served (97.3%), mean utilisation 0.420
14:12:19 | INFO    | ltf                | A: lam_between=8.0: total utility 6,515.4, 6,533/6,766 requests served (96.6%), mean utilisation 0.459
14:12:20 | INFO    | ltf                | A: lam_between=8.0: total utility 5,347.5, 6,065/6,235 requests served (97.3%), mean utilisation 0.419
14:12:21 | INFO    | ltf                | A: lam_between=8.0: total utility 6,757.4, 6,520/6,766 requests served (96.4%), mean utilisation 0.455
14:12:22 | INFO    | ltf                | A: lam_between=8.0: total utility 5,609.5, 6,074/6,235 requests served (97.4%), mean utilisation 0.417
14:12:23 | INFO    | ltf                | A: lam_between=8.0: total utility 7,238.4, 6,539/6,766 requests served (96.6%), mean utilisation 0.452
14:12:24 | INFO    | ltf                | A: lam_between=8.0: total utility 5,668.2, 6,082/6,235 requests served (97.5%), mean utilisation 0.417
14:12:25 | INFO    | ltf                | A: lam_between=8.0: total utility 6,896.7, 6,529/6,766 requests served (96.5%), mean utilisation 0.452
14:12:25 | INFO    | ltf                | A: lam_between=8.0: total utility 5,939.7, 6,090/6,235 requests served (97.7%), mean utilisation 0.413
14:12:26 | INFO    | ltf                | A: lam_between=8.0: total utility 7,234.8, 6,519/6,766 requests served (96.3%), mean utilisation 0.450
14:12:27 | INFO    | ltf                | A: lam_between=8.0: total utility 6,022.8, 6,095/6,235 requests served (97.8%), mean utilisation 0.413
14:12:28 | INFO    | ltf                | A: lam_between=8.0: total utility 7,514.6, 6,522/6,766 requests served (96.4%), mean utilisation 0.447
14:12:29 | INFO    | ltf                | A: lam_between=8.0: total utility 6,149.4, 6,091/6,235 requests served (97.7%), mean utilisation 0.412
14:12:29 | INFO    | ltf                | A: lam_between=8.0: total utility 7,783.5, 6,538/6,766 requests served (96.6%), mean utilisation 0.446
14:12:30 | INFO    | ltf                | A: lam_between=8.0: total utility 6,450.1, 6,077/6,235 requests served (97.5%), mean utilisation 0.408
14:12:31 | INFO    | ltf                | A: lam_between=8.0: total utility 7,814.4, 6,519/6,766 requests served (96.3%), mean utilisation 0.443
14:12:32 | INFO    | ltf                | A: lam_between=8.0: total utility 6,538.9, 6,102/6,235 requests served (97.9%), mean utilisation 0.408
14:12:33 | INFO    | ltf                | A: lam_between=8.0: total utility 7,933.2, 6,511/6,766 requests served (96.2%), mean utilisation 0.441
14:12:34 | INFO    | ltf                | A: lam_between=8.0: total utility 6,838.6, 6,082/6,235 requests served (97.5%), mean utilisation 0.404
14:12:34 | INFO    | ltf                |   episode 30/30: eps=0.28, train utility 14771.9, |V|>0 on 39191/104400 states
14:12:34 | INFO    | ltf                | training A: lam_between=8.0 (30 episodes over 2 scenario(s)) done in 52.8s
14:12:35 | INFO    | ltf                | A: lam_between=8.0: total utility 10,963.7, 4,807/6,492 requests served (74.0%), mean utilisation 0.319
14:12:35 | INFO    | ltf                | training A: lam_between=16.0 (30 episodes over 2 scenario(s)) ...
14:12:35 | INFO    | ltf                | A: lam_between=16.0: total utility 2,813.2, 6,508/6,766 requests served (96.2%), mean utilisation 0.494
14:12:36 | INFO    | ltf                | A: lam_between=16.0: total utility 1,952.0, 6,066/6,235 requests served (97.3%), mean utilisation 0.455
14:12:37 | INFO    | ltf                | A: lam_between=16.0: total utility 2,930.0, 6,515/6,766 requests served (96.3%), mean utilisation 0.495
14:12:38 | INFO    | ltf                | A: lam_between=16.0: total utility 1,867.0, 6,052/6,235 requests served (97.1%), mean utilisation 0.454
14:12:39 | INFO    | ltf                | A: lam_between=16.0: total utility 3,062.6, 6,503/6,766 requests served (96.1%), mean utilisation 0.493
14:12:39 | INFO    | ltf                | A: lam_between=16.0: total utility 2,277.4, 6,071/6,235 requests served (97.4%), mean utilisation 0.452
14:12:40 | INFO    | ltf                | A: lam_between=16.0: total utility 3,336.3, 6,508/6,766 requests served (96.2%), mean utilisation 0.489
14:12:41 | INFO    | ltf                | A: lam_between=16.0: total utility 2,409.2, 6,051/6,235 requests served (97.0%), mean utilisation 0.450
14:12:42 | INFO    | ltf                | A: lam_between=16.0: total utility 3,456.0, 6,503/6,766 requests served (96.1%), mean utilisation 0.489
14:12:43 | INFO    | ltf                | A: lam_between=16.0: total utility 2,432.1, 6,048/6,235 requests served (97.0%), mean utilisation 0.449
14:12:43 | INFO    | ltf                | A: lam_between=16.0: total utility 3,650.6, 6,513/6,766 requests served (96.3%), mean utilisation 0.487
14:12:44 | INFO    | ltf                | A: lam_between=16.0: total utility 2,604.0, 6,050/6,235 requests served (97.0%), mean utilisation 0.447
14:12:45 | INFO    | ltf                | A: lam_between=16.0: total utility 3,823.7, 6,515/6,766 requests served (96.3%), mean utilisation 0.486
14:12:46 | INFO    | ltf                | A: lam_between=16.0: total utility 2,972.2, 6,072/6,235 requests served (97.4%), mean utilisation 0.445
14:12:47 | INFO    | ltf                | A: lam_between=16.0: total utility 3,911.4, 6,525/6,766 requests served (96.4%), mean utilisation 0.486
14:12:47 | INFO    | ltf                | A: lam_between=16.0: total utility 3,059.4, 6,075/6,235 requests served (97.4%), mean utilisation 0.443
14:12:48 | INFO    | ltf                | A: lam_between=16.0: total utility 4,331.7, 6,512/6,766 requests served (96.2%), mean utilisation 0.480
14:12:49 | INFO    | ltf                | A: lam_between=16.0: total utility 3,123.9, 6,067/6,235 requests served (97.3%), mean utilisation 0.443
14:12:50 | INFO    | ltf                | A: lam_between=16.0: total utility 4,285.4, 6,506/6,766 requests served (96.2%), mean utilisation 0.480
14:12:51 | INFO    | ltf                | A: lam_between=16.0: total utility 3,209.1, 6,074/6,235 requests served (97.4%), mean utilisation 0.444
14:12:51 | INFO    | ltf                |   episode 10/30: eps=0.71, train utility 7494.5, |V|>0 on 27551/104400 states
14:12:52 | INFO    | ltf                | A: lam_between=16.0: total utility 4,479.9, 6,490/6,766 requests served (95.9%), mean utilisation 0.476
14:12:53 | INFO    | ltf                | A: lam_between=16.0: total utility 3,652.5, 6,073/6,235 requests served (97.4%), mean utilisation 0.439
14:12:54 | INFO    | ltf                | A: lam_between=16.0: total utility 4,785.4, 6,526/6,766 requests served (96.5%), mean utilisation 0.476
14:12:54 | INFO    | ltf                | A: lam_between=16.0: total utility 3,605.0, 6,071/6,235 requests served (97.4%), mean utilisation 0.438
14:12:55 | INFO    | ltf                | A: lam_between=16.0: total utility 5,055.2, 6,524/6,766 requests served (96.4%), mean utilisation 0.473
14:12:56 | INFO    | ltf                | A: lam_between=16.0: total utility 3,838.8, 6,072/6,235 requests served (97.4%), mean utilisation 0.436
14:12:57 | INFO    | ltf                | A: lam_between=16.0: total utility 5,284.3, 6,527/6,766 requests served (96.5%), mean utilisation 0.471
14:12:58 | INFO    | ltf                | A: lam_between=16.0: total utility 4,096.2, 6,063/6,235 requests served (97.2%), mean utilisation 0.432
14:12:59 | INFO    | ltf                | A: lam_between=16.0: total utility 5,430.7, 6,516/6,766 requests served (96.3%), mean utilisation 0.469
14:13:00 | INFO    | ltf                | A: lam_between=16.0: total utility 4,496.4, 6,082/6,235 requests served (97.5%), mean utilisation 0.429
14:13:01 | INFO    | ltf                | A: lam_between=16.0: total utility 5,369.5, 6,536/6,766 requests served (96.6%), mean utilisation 0.471
14:13:01 | INFO    | ltf                | A: lam_between=16.0: total utility 4,316.2, 6,075/6,235 requests served (97.4%), mean utilisation 0.430
14:13:02 | INFO    | ltf                | A: lam_between=16.0: total utility 5,712.7, 6,507/6,766 requests served (96.2%), mean utilisation 0.465
14:13:03 | INFO    | ltf                | A: lam_between=16.0: total utility 4,559.0, 6,078/6,235 requests served (97.5%), mean utilisation 0.428
14:13:04 | INFO    | ltf                | A: lam_between=16.0: total utility 5,800.6, 6,511/6,766 requests served (96.2%), mean utilisation 0.463
14:13:05 | INFO    | ltf                | A: lam_between=16.0: total utility 4,848.5, 6,084/6,235 requests served (97.6%), mean utilisation 0.426
14:13:05 | INFO    | ltf                | A: lam_between=16.0: total utility 6,031.2, 6,511/6,766 requests served (96.2%), mean utilisation 0.463
14:13:06 | INFO    | ltf                | A: lam_between=16.0: total utility 4,778.7, 6,084/6,235 requests served (97.6%), mean utilisation 0.426
14:13:07 | INFO    | ltf                | A: lam_between=16.0: total utility 6,286.0, 6,483/6,766 requests served (95.8%), mean utilisation 0.458
14:13:08 | INFO    | ltf                | A: lam_between=16.0: total utility 5,049.4, 6,079/6,235 requests served (97.5%), mean utilisation 0.423
14:13:08 | INFO    | ltf                |   episode 20/30: eps=0.50, train utility 11335.4, |V|>0 on 34715/104400 states
14:13:09 | INFO    | ltf                | A: lam_between=16.0: total utility 6,424.2, 6,519/6,766 requests served (96.3%), mean utilisation 0.458
14:13:09 | INFO    | ltf                | A: lam_between=16.0: total utility 5,162.3, 6,093/6,235 requests served (97.7%), mean utilisation 0.423
14:13:10 | INFO    | ltf                | A: lam_between=16.0: total utility 6,484.7, 6,511/6,766 requests served (96.2%), mean utilisation 0.458
14:13:11 | INFO    | ltf                | A: lam_between=16.0: total utility 5,549.7, 6,099/6,235 requests served (97.8%), mean utilisation 0.420
14:13:12 | INFO    | ltf                | A: lam_between=16.0: total utility 6,847.7, 6,535/6,766 requests served (96.6%), mean utilisation 0.456
14:13:13 | INFO    | ltf                | A: lam_between=16.0: total utility 5,710.5, 6,076/6,235 requests served (97.4%), mean utilisation 0.416
14:13:13 | INFO    | ltf                | A: lam_between=16.0: total utility 6,837.1, 6,534/6,766 requests served (96.6%), mean utilisation 0.454
14:13:15 | INFO    | ltf                | A: lam_between=16.0: total utility 5,843.5, 6,066/6,235 requests served (97.3%), mean utilisation 0.413
14:13:16 | INFO    | ltf                | A: lam_between=16.0: total utility 7,017.0, 6,508/6,766 requests served (96.2%), mean utilisation 0.452
14:13:17 | INFO    | ltf                | A: lam_between=16.0: total utility 5,863.9, 6,084/6,235 requests served (97.6%), mean utilisation 0.413
14:13:18 | INFO    | ltf                | A: lam_between=16.0: total utility 7,236.1, 6,532/6,766 requests served (96.5%), mean utilisation 0.451
14:13:19 | INFO    | ltf                | A: lam_between=16.0: total utility 6,098.2, 6,083/6,235 requests served (97.6%), mean utilisation 0.412
14:13:20 | INFO    | ltf                | A: lam_between=16.0: total utility 7,312.1, 6,524/6,766 requests served (96.4%), mean utilisation 0.449
14:13:21 | INFO    | ltf                | A: lam_between=16.0: total utility 6,253.9, 6,102/6,235 requests served (97.9%), mean utilisation 0.412
14:13:22 | INFO    | ltf                | A: lam_between=16.0: total utility 7,571.5, 6,515/6,766 requests served (96.3%), mean utilisation 0.446
14:13:22 | INFO    | ltf                | A: lam_between=16.0: total utility 6,410.4, 6,095/6,235 requests served (97.8%), mean utilisation 0.409
14:13:23 | INFO    | ltf                | A: lam_between=16.0: total utility 7,916.2, 6,538/6,766 requests served (96.6%), mean utilisation 0.444
14:13:24 | INFO    | ltf                | A: lam_between=16.0: total utility 6,543.7, 6,083/6,235 requests served (97.6%), mean utilisation 0.406
14:13:25 | INFO    | ltf                | A: lam_between=16.0: total utility 8,072.7, 6,548/6,766 requests served (96.8%), mean utilisation 0.444
14:13:26 | INFO    | ltf                | A: lam_between=16.0: total utility 6,778.8, 6,076/6,235 requests served (97.4%), mean utilisation 0.404
14:13:26 | INFO    | ltf                |   episode 30/30: eps=0.28, train utility 14851.5, |V|>0 on 38954/104400 states
14:13:26 | INFO    | ltf                | training A: lam_between=16.0 (30 episodes over 2 scenario(s)) done in 51.3s
14:13:27 | INFO    | ltf                | A: lam_between=16.0: total utility 10,883.1, 4,852/6,492 requests served (74.7%), mean utilisation 0.322

====================================================================================================
STAGE A  lambda_between (lambda_within=1.0, lambda_util=0.25; both gaps ON)
====================================================================================================
 lambda_within  lambda_between  lambda_util  total_utility  fairness_total_var  rate_var  rate_var_within  rate_var_between  rate_full_time  rate_part_time  rate_group_ratio  parity_error  util_mean  util_var  util_adj_var  n_idle_drivers  service_rate
           1.0            0.25         0.25   11010.535708         2338.791479  0.472175         0.271605          0.200570        2.392204        1.469536          0.614302      0.385698   0.306920  0.007529      0.104534               1      0.746611
           1.0            0.50         0.25   10971.338065         2078.908019  0.398798         0.279596          0.119202        2.315355        1.604053          0.692789      0.307211   0.309965  0.006462      0.099688               1      0.739680
           1.0            1.00         0.25   10953.684803         1950.944161  0.382009         0.313475          0.068534        2.255980        1.716637          0.760927      0.239073   0.314121  0.007514      0.122097               1      0.749384
           1.0            2.00         0.25   10970.706431         1797.865283  0.338899         0.308987          0.029912        2.191573        1.835259          0.837416      0.162584   0.317208  0.007348      0.109380               0      0.745687
           1.0            4.00         0.25   10900.929376         1687.025241  0.357904         0.347192          0.010711        2.132333        1.919112          0.900006      0.099994   0.319508  0.006964      0.105705               1      0.740296
           1.0            8.00         0.25   10963.653325         1558.300488  0.344155         0.341002          0.003153        2.110551        1.994860          0.945184      0.054816   0.322369  0.007575      0.124691               1      0.740450
           1.0           16.00         0.25   10883.057160         1547.213631  0.363767         0.361698          0.002069        2.081720        1.987999          0.954979      0.045021   0.323287  0.007903      0.114942               0      0.747381

  best parity so far: lambda_between=16.0, ratio 0.955, error 0.045
14:13:27 | INFO    | ltf                | training B: lam_util=0.05 (30 episodes over 2 scenario(s)) ...
14:13:28 | INFO    | ltf                | B: lam_util=0.05: total utility 2,895.8, 6,510/6,766 requests served (96.2%), mean utilisation 0.493
14:13:28 | INFO    | ltf                | B: lam_util=0.05: total utility 1,856.4, 6,051/6,235 requests served (97.0%), mean utilisation 0.455
14:13:29 | INFO    | ltf                | B: lam_util=0.05: total utility 2,900.1, 6,507/6,766 requests served (96.2%), mean utilisation 0.494
14:13:30 | INFO    | ltf                | B: lam_util=0.05: total utility 2,017.2, 6,080/6,235 requests served (97.5%), mean utilisation 0.454
14:13:31 | INFO    | ltf                | B: lam_util=0.05: total utility 2,856.1, 6,517/6,766 requests served (96.3%), mean utilisation 0.494
14:13:32 | INFO    | ltf                | B: lam_util=0.05: total utility 2,474.5, 6,061/6,235 requests served (97.2%), mean utilisation 0.449
14:13:32 | INFO    | ltf                | B: lam_util=0.05: total utility 3,117.0, 6,502/6,766 requests served (96.1%), mean utilisation 0.491
14:13:33 | INFO    | ltf                | B: lam_util=0.05: total utility 2,142.9, 6,063/6,235 requests served (97.2%), mean utilisation 0.451
14:13:35 | INFO    | ltf                | B: lam_util=0.05: total utility 3,523.8, 6,524/6,766 requests served (96.4%), mean utilisation 0.488
14:13:35 | INFO    | ltf                | B: lam_util=0.05: total utility 2,492.6, 6,069/6,235 requests served (97.3%), mean utilisation 0.449
14:13:36 | INFO    | ltf                | B: lam_util=0.05: total utility 3,445.4, 6,491/6,766 requests served (95.9%), mean utilisation 0.488
14:13:37 | INFO    | ltf                | B: lam_util=0.05: total utility 2,606.9, 6,072/6,235 requests served (97.4%), mean utilisation 0.450
14:13:38 | INFO    | ltf                | B: lam_util=0.05: total utility 3,899.5, 6,515/6,766 requests served (96.3%), mean utilisation 0.485
14:13:38 | INFO    | ltf                | B: lam_util=0.05: total utility 2,933.8, 6,073/6,235 requests served (97.4%), mean utilisation 0.445
14:13:39 | INFO    | ltf                | B: lam_util=0.05: total utility 3,926.0, 6,515/6,766 requests served (96.3%), mean utilisation 0.484
14:13:40 | INFO    | ltf                | B: lam_util=0.05: total utility 2,991.7, 6,063/6,235 requests served (97.2%), mean utilisation 0.444
14:13:40 | INFO    | ltf                | B: lam_util=0.05: total utility 4,247.0, 6,501/6,766 requests served (96.1%), mean utilisation 0.480
14:13:41 | INFO    | ltf                | B: lam_util=0.05: total utility 3,183.0, 6,094/6,235 requests served (97.7%), mean utilisation 0.445
14:13:42 | INFO    | ltf                | B: lam_util=0.05: total utility 4,626.1, 6,500/6,766 requests served (96.1%), mean utilisation 0.476
14:13:43 | INFO    | ltf                | B: lam_util=0.05: total utility 3,357.4, 6,067/6,235 requests served (97.3%), mean utilisation 0.441
14:13:43 | INFO    | ltf                |   episode 10/30: eps=0.71, train utility 7983.6, |V|>0 on 27829/104400 states
14:13:43 | INFO    | ltf                | B: lam_util=0.05: total utility 4,389.9, 6,508/6,766 requests served (96.2%), mean utilisation 0.478
14:13:44 | INFO    | ltf                | B: lam_util=0.05: total utility 3,504.1, 6,083/6,235 requests served (97.6%), mean utilisation 0.440
14:13:45 | INFO    | ltf                | B: lam_util=0.05: total utility 4,726.3, 6,512/6,766 requests served (96.2%), mean utilisation 0.477
14:13:45 | INFO    | ltf                | B: lam_util=0.05: total utility 3,820.1, 6,077/6,235 requests served (97.5%), mean utilisation 0.437
14:13:46 | INFO    | ltf                | B: lam_util=0.05: total utility 4,851.6, 6,497/6,766 requests served (96.0%), mean utilisation 0.474
14:13:47 | INFO    | ltf                | B: lam_util=0.05: total utility 3,857.9, 6,068/6,235 requests served (97.3%), mean utilisation 0.435
14:13:48 | INFO    | ltf                | B: lam_util=0.05: total utility 5,223.3, 6,501/6,766 requests served (96.1%), mean utilisation 0.469
14:13:48 | INFO    | ltf                | B: lam_util=0.05: total utility 4,168.8, 6,084/6,235 requests served (97.6%), mean utilisation 0.433
14:13:49 | INFO    | ltf                | B: lam_util=0.05: total utility 5,282.2, 6,497/6,766 requests served (96.0%), mean utilisation 0.469
14:13:50 | INFO    | ltf                | B: lam_util=0.05: total utility 4,214.8, 6,075/6,235 requests served (97.4%), mean utilisation 0.432
14:13:50 | INFO    | ltf                | B: lam_util=0.05: total utility 5,526.0, 6,509/6,766 requests served (96.2%), mean utilisation 0.468
14:13:51 | INFO    | ltf                | B: lam_util=0.05: total utility 4,369.2, 6,084/6,235 requests served (97.6%), mean utilisation 0.432
14:13:52 | INFO    | ltf                | B: lam_util=0.05: total utility 5,767.4, 6,515/6,766 requests served (96.3%), mean utilisation 0.465
14:13:53 | INFO    | ltf                | B: lam_util=0.05: total utility 4,475.3, 6,082/6,235 requests served (97.5%), mean utilisation 0.429
14:13:53 | INFO    | ltf                | B: lam_util=0.05: total utility 5,673.3, 6,514/6,766 requests served (96.3%), mean utilisation 0.465
14:13:54 | INFO    | ltf                | B: lam_util=0.05: total utility 4,831.4, 6,074/6,235 requests served (97.4%), mean utilisation 0.425
14:13:55 | INFO    | ltf                | B: lam_util=0.05: total utility 6,134.9, 6,527/6,766 requests served (96.5%), mean utilisation 0.462
14:13:55 | INFO    | ltf                | B: lam_util=0.05: total utility 4,929.3, 6,083/6,235 requests served (97.6%), mean utilisation 0.424
14:13:56 | INFO    | ltf                | B: lam_util=0.05: total utility 6,210.3, 6,529/6,766 requests served (96.5%), mean utilisation 0.461
14:13:57 | INFO    | ltf                | B: lam_util=0.05: total utility 5,024.4, 6,078/6,235 requests served (97.5%), mean utilisation 0.423
14:13:57 | INFO    | ltf                |   episode 20/30: eps=0.50, train utility 11234.8, |V|>0 on 34809/104400 states
14:13:57 | INFO    | ltf                | B: lam_util=0.05: total utility 6,340.8, 6,530/6,766 requests served (96.5%), mean utilisation 0.460
14:13:58 | INFO    | ltf                | B: lam_util=0.05: total utility 5,194.8, 6,075/6,235 requests served (97.4%), mean utilisation 0.421
14:13:59 | INFO    | ltf                | B: lam_util=0.05: total utility 6,515.2, 6,510/6,766 requests served (96.2%), mean utilisation 0.457
14:14:00 | INFO    | ltf                | B: lam_util=0.05: total utility 5,355.6, 6,068/6,235 requests served (97.3%), mean utilisation 0.419
14:14:00 | INFO    | ltf                | B: lam_util=0.05: total utility 6,915.3, 6,508/6,766 requests served (96.2%), mean utilisation 0.452
14:14:01 | INFO    | ltf                | B: lam_util=0.05: total utility 5,635.7, 6,085/6,235 requests served (97.6%), mean utilisation 0.417
14:14:02 | INFO    | ltf                | B: lam_util=0.05: total utility 6,929.6, 6,499/6,766 requests served (96.1%), mean utilisation 0.451
14:14:02 | INFO    | ltf                | B: lam_util=0.05: total utility 5,644.6, 6,077/6,235 requests served (97.5%), mean utilisation 0.417
14:14:03 | INFO    | ltf                | B: lam_util=0.05: total utility 7,109.2, 6,509/6,766 requests served (96.2%), mean utilisation 0.451
14:14:04 | INFO    | ltf                | B: lam_util=0.05: total utility 5,804.7, 6,077/6,235 requests served (97.5%), mean utilisation 0.414
14:14:04 | INFO    | ltf                | B: lam_util=0.05: total utility 7,216.3, 6,514/6,766 requests served (96.3%), mean utilisation 0.450
14:14:05 | INFO    | ltf                | B: lam_util=0.05: total utility 6,223.4, 6,086/6,235 requests served (97.6%), mean utilisation 0.411
14:14:06 | INFO    | ltf                | B: lam_util=0.05: total utility 7,502.0, 6,535/6,766 requests served (96.6%), mean utilisation 0.448
14:14:07 | INFO    | ltf                | B: lam_util=0.05: total utility 6,327.2, 6,100/6,235 requests served (97.8%), mean utilisation 0.410
14:14:07 | INFO    | ltf                | B: lam_util=0.05: total utility 7,564.3, 6,515/6,766 requests served (96.3%), mean utilisation 0.445
14:14:08 | INFO    | ltf                | B: lam_util=0.05: total utility 6,706.9, 6,094/6,235 requests served (97.7%), mean utilisation 0.406
14:14:09 | INFO    | ltf                | B: lam_util=0.05: total utility 7,824.5, 6,534/6,766 requests served (96.6%), mean utilisation 0.444
14:14:09 | INFO    | ltf                | B: lam_util=0.05: total utility 6,703.1, 6,096/6,235 requests served (97.8%), mean utilisation 0.406
14:14:10 | INFO    | ltf                | B: lam_util=0.05: total utility 7,851.2, 6,522/6,766 requests served (96.4%), mean utilisation 0.443
14:14:11 | INFO    | ltf                | B: lam_util=0.05: total utility 6,765.1, 6,071/6,235 requests served (97.4%), mean utilisation 0.405
14:14:11 | INFO    | ltf                |   episode 30/30: eps=0.28, train utility 14616.3, |V|>0 on 38973/104400 states
14:14:11 | INFO    | ltf                | training B: lam_util=0.05 (30 episodes over 2 scenario(s)) done in 44.1s
14:14:11 | INFO    | ltf                | B: lam_util=0.05: total utility 10,864.0, 4,846/6,492 requests served (74.6%), mean utilisation 0.322
14:14:11 | INFO    | ltf                | training B: lam_util=0.1 (30 episodes over 2 scenario(s)) ...
14:14:12 | INFO    | ltf                | B: lam_util=0.1: total utility 2,830.4, 6,521/6,766 requests served (96.4%), mean utilisation 0.496
14:14:13 | INFO    | ltf                | B: lam_util=0.1: total utility 1,976.9, 6,061/6,235 requests served (97.2%), mean utilisation 0.454
14:14:14 | INFO    | ltf                | B: lam_util=0.1: total utility 2,883.8, 6,513/6,766 requests served (96.3%), mean utilisation 0.495
14:14:15 | INFO    | ltf                | B: lam_util=0.1: total utility 1,988.1, 6,065/6,235 requests served (97.3%), mean utilisation 0.453
14:14:16 | INFO    | ltf                | B: lam_util=0.1: total utility 3,012.4, 6,487/6,766 requests served (95.9%), mean utilisation 0.491
14:14:17 | INFO    | ltf                | B: lam_util=0.1: total utility 2,224.9, 6,054/6,235 requests served (97.1%), mean utilisation 0.452
14:14:18 | INFO    | ltf                | B: lam_util=0.1: total utility 3,086.2, 6,517/6,766 requests served (96.3%), mean utilisation 0.492
14:14:18 | INFO    | ltf                | B: lam_util=0.1: total utility 2,337.2, 6,065/6,235 requests served (97.3%), mean utilisation 0.450
14:14:19 | INFO    | ltf                | B: lam_util=0.1: total utility 3,435.5, 6,514/6,766 requests served (96.3%), mean utilisation 0.490
14:14:20 | INFO    | ltf                | B: lam_util=0.1: total utility 2,554.2, 6,068/6,235 requests served (97.3%), mean utilisation 0.449
14:14:20 | INFO    | ltf                | B: lam_util=0.1: total utility 3,516.6, 6,524/6,766 requests served (96.4%), mean utilisation 0.489
14:14:21 | INFO    | ltf                | B: lam_util=0.1: total utility 2,615.8, 6,050/6,235 requests served (97.0%), mean utilisation 0.448
14:14:22 | INFO    | ltf                | B: lam_util=0.1: total utility 3,953.6, 6,541/6,766 requests served (96.7%), mean utilisation 0.485
14:14:22 | INFO    | ltf                | B: lam_util=0.1: total utility 2,780.3, 6,075/6,235 requests served (97.4%), mean utilisation 0.449
14:14:23 | INFO    | ltf                | B: lam_util=0.1: total utility 3,925.0, 6,518/6,766 requests served (96.3%), mean utilisation 0.484
14:14:24 | INFO    | ltf                | B: lam_util=0.1: total utility 3,115.0, 6,084/6,235 requests served (97.6%), mean utilisation 0.445
14:14:25 | INFO    | ltf                | B: lam_util=0.1: total utility 4,249.1, 6,506/6,766 requests served (96.2%), mean utilisation 0.479
14:14:25 | INFO    | ltf                | B: lam_util=0.1: total utility 3,358.0, 6,083/6,235 requests served (97.6%), mean utilisation 0.441
14:14:26 | INFO    | ltf                | B: lam_util=0.1: total utility 4,352.7, 6,523/6,766 requests served (96.4%), mean utilisation 0.480
14:14:27 | INFO    | ltf                | B: lam_util=0.1: total utility 3,425.4, 6,063/6,235 requests served (97.2%), mean utilisation 0.439
14:14:27 | INFO    | ltf                |   episode 10/30: eps=0.71, train utility 7778.1, |V|>0 on 27824/104400 states
14:14:27 | INFO    | ltf                | B: lam_util=0.1: total utility 4,622.5, 6,513/6,766 requests served (96.3%), mean utilisation 0.476
14:14:28 | INFO    | ltf                | B: lam_util=0.1: total utility 3,505.9, 6,079/6,235 requests served (97.5%), mean utilisation 0.439
14:14:29 | INFO    | ltf                | B: lam_util=0.1: total utility 4,709.0, 6,504/6,766 requests served (96.1%), mean utilisation 0.475
14:14:29 | INFO    | ltf                | B: lam_util=0.1: total utility 3,896.7, 6,081/6,235 requests served (97.5%), mean utilisation 0.435
14:14:30 | INFO    | ltf                | B: lam_util=0.1: total utility 4,930.9, 6,497/6,766 requests served (96.0%), mean utilisation 0.472
14:14:31 | INFO    | ltf                | B: lam_util=0.1: total utility 3,917.5, 6,070/6,235 requests served (97.4%), mean utilisation 0.435
14:14:32 | INFO    | ltf                | B: lam_util=0.1: total utility 5,137.5, 6,508/6,766 requests served (96.2%), mean utilisation 0.471
14:14:32 | INFO    | ltf                | B: lam_util=0.1: total utility 3,877.4, 6,072/6,235 requests served (97.4%), mean utilisation 0.435
14:14:33 | INFO    | ltf                | B: lam_util=0.1: total utility 5,237.4, 6,494/6,766 requests served (96.0%), mean utilisation 0.470
14:14:34 | INFO    | ltf                | B: lam_util=0.1: total utility 4,439.0, 6,094/6,235 requests served (97.7%), mean utilisation 0.431
14:14:34 | INFO    | ltf                | B: lam_util=0.1: total utility 5,381.5, 6,506/6,766 requests served (96.2%), mean utilisation 0.470
14:14:35 | INFO    | ltf                | B: lam_util=0.1: total utility 4,331.2, 6,068/6,235 requests served (97.3%), mean utilisation 0.431
14:14:36 | INFO    | ltf                | B: lam_util=0.1: total utility 5,688.3, 6,519/6,766 requests served (96.3%), mean utilisation 0.466
14:14:36 | INFO    | ltf                | B: lam_util=0.1: total utility 4,534.0, 6,072/6,235 requests served (97.4%), mean utilisation 0.428
14:14:37 | INFO    | ltf                | B: lam_util=0.1: total utility 5,713.2, 6,509/6,766 requests served (96.2%), mean utilisation 0.465
14:14:38 | INFO    | ltf                | B: lam_util=0.1: total utility 4,831.8, 6,081/6,235 requests served (97.5%), mean utilisation 0.426
14:14:39 | INFO    | ltf                | B: lam_util=0.1: total utility 5,985.5, 6,512/6,766 requests served (96.2%), mean utilisation 0.461
14:14:39 | INFO    | ltf                | B: lam_util=0.1: total utility 4,932.6, 6,090/6,235 requests served (97.7%), mean utilisation 0.425
14:14:40 | INFO    | ltf                | B: lam_util=0.1: total utility 6,240.5, 6,514/6,766 requests served (96.3%), mean utilisation 0.460
14:14:41 | INFO    | ltf                | B: lam_util=0.1: total utility 5,000.1, 6,081/6,235 requests served (97.5%), mean utilisation 0.424
14:14:41 | INFO    | ltf                |   episode 20/30: eps=0.50, train utility 11240.7, |V|>0 on 34996/104400 states
14:14:41 | INFO    | ltf                | B: lam_util=0.1: total utility 6,555.2, 6,518/6,766 requests served (96.3%), mean utilisation 0.456
14:14:42 | INFO    | ltf                | B: lam_util=0.1: total utility 5,193.5, 6,057/6,235 requests served (97.1%), mean utilisation 0.420
14:14:43 | INFO    | ltf                | B: lam_util=0.1: total utility 6,531.1, 6,517/6,766 requests served (96.3%), mean utilisation 0.456
14:14:43 | INFO    | ltf                | B: lam_util=0.1: total utility 5,311.7, 6,084/6,235 requests served (97.6%), mean utilisation 0.421
14:14:44 | INFO    | ltf                | B: lam_util=0.1: total utility 6,895.8, 6,517/6,766 requests served (96.3%), mean utilisation 0.452
14:14:45 | INFO    | ltf                | B: lam_util=0.1: total utility 5,584.2, 6,086/6,235 requests served (97.6%), mean utilisation 0.418
14:14:46 | INFO    | ltf                | B: lam_util=0.1: total utility 7,097.6, 6,512/6,766 requests served (96.2%), mean utilisation 0.451
14:14:46 | INFO    | ltf                | B: lam_util=0.1: total utility 5,872.0, 6,082/6,235 requests served (97.5%), mean utilisation 0.415
14:14:47 | INFO    | ltf                | B: lam_util=0.1: total utility 7,068.7, 6,525/6,766 requests served (96.4%), mean utilisation 0.452
14:14:48 | INFO    | ltf                | B: lam_util=0.1: total utility 5,887.3, 6,091/6,235 requests served (97.7%), mean utilisation 0.414
14:14:48 | INFO    | ltf                | B: lam_util=0.1: total utility 7,350.5, 6,513/6,766 requests served (96.3%), mean utilisation 0.447
14:14:49 | INFO    | ltf                | B: lam_util=0.1: total utility 6,067.1, 6,080/6,235 requests served (97.5%), mean utilisation 0.412
14:14:50 | INFO    | ltf                | B: lam_util=0.1: total utility 7,387.7, 6,519/6,766 requests served (96.3%), mean utilisation 0.448
14:14:51 | INFO    | ltf                | B: lam_util=0.1: total utility 6,221.0, 6,089/6,235 requests served (97.7%), mean utilisation 0.410
14:14:51 | INFO    | ltf                | B: lam_util=0.1: total utility 7,579.8, 6,504/6,766 requests served (96.1%), mean utilisation 0.445
14:14:52 | INFO    | ltf                | B: lam_util=0.1: total utility 6,589.8, 6,091/6,235 requests served (97.7%), mean utilisation 0.407
14:14:53 | INFO    | ltf                | B: lam_util=0.1: total utility 8,023.9, 6,528/6,766 requests served (96.5%), mean utilisation 0.442
14:14:54 | INFO    | ltf                | B: lam_util=0.1: total utility 6,696.0, 6,081/6,235 requests served (97.5%), mean utilisation 0.406
14:14:54 | INFO    | ltf                | B: lam_util=0.1: total utility 7,976.3, 6,538/6,766 requests served (96.6%), mean utilisation 0.445
14:14:55 | INFO    | ltf                | B: lam_util=0.1: total utility 6,828.2, 6,085/6,235 requests served (97.6%), mean utilisation 0.404
14:14:55 | INFO    | ltf                |   episode 30/30: eps=0.28, train utility 14804.5, |V|>0 on 39101/104400 states
14:14:55 | INFO    | ltf                | training B: lam_util=0.1 (30 episodes over 2 scenario(s)) done in 43.6s
14:14:56 | INFO    | ltf                | B: lam_util=0.1: total utility 10,986.7, 4,797/6,492 requests served (73.9%), mean utilisation 0.319
14:14:56 | INFO    | ltf                | training B: lam_util=0.5 (30 episodes over 2 scenario(s)) ...
14:14:56 | INFO    | ltf                | B: lam_util=0.5: total utility 2,676.9, 6,491/6,766 requests served (95.9%), mean utilisation 0.494
14:14:57 | INFO    | ltf                | B: lam_util=0.5: total utility 1,875.2, 6,078/6,235 requests served (97.5%), mean utilisation 0.456
14:14:58 | INFO    | ltf                | B: lam_util=0.5: total utility 3,054.9, 6,529/6,766 requests served (96.5%), mean utilisation 0.494
14:14:58 | INFO    | ltf                | B: lam_util=0.5: total utility 2,073.4, 6,053/6,235 requests served (97.1%), mean utilisation 0.454
14:14:59 | INFO    | ltf                | B: lam_util=0.5: total utility 2,957.0, 6,502/6,766 requests served (96.1%), mean utilisation 0.493
14:15:00 | INFO    | ltf                | B: lam_util=0.5: total utility 2,137.4, 6,061/6,235 requests served (97.2%), mean utilisation 0.453
14:15:01 | INFO    | ltf                | B: lam_util=0.5: total utility 3,316.5, 6,511/6,766 requests served (96.2%), mean utilisation 0.490
14:15:01 | INFO    | ltf                | B: lam_util=0.5: total utility 2,339.8, 6,074/6,235 requests served (97.4%), mean utilisation 0.452
14:15:02 | INFO    | ltf                | B: lam_util=0.5: total utility 3,218.2, 6,510/6,766 requests served (96.2%), mean utilisation 0.490
14:15:03 | INFO    | ltf                | B: lam_util=0.5: total utility 2,488.7, 6,072/6,235 requests served (97.4%), mean utilisation 0.450
14:15:03 | INFO    | ltf                | B: lam_util=0.5: total utility 3,519.2, 6,510/6,766 requests served (96.2%), mean utilisation 0.488
14:15:04 | INFO    | ltf                | B: lam_util=0.5: total utility 2,493.3, 6,063/6,235 requests served (97.2%), mean utilisation 0.448
14:15:05 | INFO    | ltf                | B: lam_util=0.5: total utility 3,876.4, 6,518/6,766 requests served (96.3%), mean utilisation 0.486
14:15:05 | INFO    | ltf                | B: lam_util=0.5: total utility 2,816.1, 6,074/6,235 requests served (97.4%), mean utilisation 0.447
14:15:06 | INFO    | ltf                | B: lam_util=0.5: total utility 3,993.5, 6,511/6,766 requests served (96.2%), mean utilisation 0.481
14:15:07 | INFO    | ltf                | B: lam_util=0.5: total utility 3,023.8, 6,063/6,235 requests served (97.2%), mean utilisation 0.444
14:15:08 | INFO    | ltf                | B: lam_util=0.5: total utility 4,249.0, 6,511/6,766 requests served (96.2%), mean utilisation 0.482
14:15:08 | INFO    | ltf                | B: lam_util=0.5: total utility 3,205.5, 6,080/6,235 requests served (97.5%), mean utilisation 0.442
14:15:09 | INFO    | ltf                | B: lam_util=0.5: total utility 4,195.4, 6,510/6,766 requests served (96.2%), mean utilisation 0.482
14:15:10 | INFO    | ltf                | B: lam_util=0.5: total utility 3,294.1, 6,083/6,235 requests served (97.6%), mean utilisation 0.442
14:15:10 | INFO    | ltf                |   episode 10/30: eps=0.71, train utility 7489.5, |V|>0 on 27547/104400 states
14:15:10 | INFO    | ltf                | B: lam_util=0.5: total utility 4,485.9, 6,515/6,766 requests served (96.3%), mean utilisation 0.478
14:15:11 | INFO    | ltf                | B: lam_util=0.5: total utility 3,430.8, 6,070/6,235 requests served (97.4%), mean utilisation 0.440
14:15:12 | INFO    | ltf                | B: lam_util=0.5: total utility 4,682.9, 6,497/6,766 requests served (96.0%), mean utilisation 0.475
14:15:12 | INFO    | ltf                | B: lam_util=0.5: total utility 3,594.0, 6,091/6,235 requests served (97.7%), mean utilisation 0.439
14:15:13 | INFO    | ltf                | B: lam_util=0.5: total utility 4,845.9, 6,498/6,766 requests served (96.0%), mean utilisation 0.474
14:15:14 | INFO    | ltf                | B: lam_util=0.5: total utility 3,728.0, 6,074/6,235 requests served (97.4%), mean utilisation 0.437
14:15:15 | INFO    | ltf                | B: lam_util=0.5: total utility 5,092.2, 6,529/6,766 requests served (96.5%), mean utilisation 0.473
14:15:15 | INFO    | ltf                | B: lam_util=0.5: total utility 3,838.9, 6,072/6,235 requests served (97.4%), mean utilisation 0.435
14:15:16 | INFO    | ltf                | B: lam_util=0.5: total utility 5,211.1, 6,508/6,766 requests served (96.2%), mean utilisation 0.470
14:15:17 | INFO    | ltf                | B: lam_util=0.5: total utility 4,389.6, 6,081/6,235 requests served (97.5%), mean utilisation 0.430
14:15:17 | INFO    | ltf                | B: lam_util=0.5: total utility 5,361.2, 6,517/6,766 requests served (96.3%), mean utilisation 0.469
14:15:18 | INFO    | ltf                | B: lam_util=0.5: total utility 4,368.1, 6,067/6,235 requests served (97.3%), mean utilisation 0.431
14:15:19 | INFO    | ltf                | B: lam_util=0.5: total utility 5,637.6, 6,516/6,766 requests served (96.3%), mean utilisation 0.466
14:15:20 | INFO    | ltf                | B: lam_util=0.5: total utility 4,625.5, 6,089/6,235 requests served (97.7%), mean utilisation 0.429
14:15:20 | INFO    | ltf                | B: lam_util=0.5: total utility 5,600.2, 6,530/6,766 requests served (96.5%), mean utilisation 0.469
14:15:21 | INFO    | ltf                | B: lam_util=0.5: total utility 4,709.9, 6,073/6,235 requests served (97.4%), mean utilisation 0.426
14:15:22 | INFO    | ltf                | B: lam_util=0.5: total utility 5,915.8, 6,501/6,766 requests served (96.1%), mean utilisation 0.462
14:15:22 | INFO    | ltf                | B: lam_util=0.5: total utility 4,780.1, 6,074/6,235 requests served (97.4%), mean utilisation 0.425
14:15:23 | INFO    | ltf                | B: lam_util=0.5: total utility 6,145.0, 6,500/6,766 requests served (96.1%), mean utilisation 0.460
14:15:24 | INFO    | ltf                | B: lam_util=0.5: total utility 4,925.4, 6,059/6,235 requests served (97.2%), mean utilisation 0.423
14:15:24 | INFO    | ltf                |   episode 20/30: eps=0.50, train utility 11070.4, |V|>0 on 34715/104400 states
14:15:24 | INFO    | ltf                | B: lam_util=0.5: total utility 6,371.8, 6,518/6,766 requests served (96.3%), mean utilisation 0.460
14:15:25 | INFO    | ltf                | B: lam_util=0.5: total utility 5,026.7, 6,082/6,235 requests served (97.5%), mean utilisation 0.423
14:15:26 | INFO    | ltf                | B: lam_util=0.5: total utility 6,575.8, 6,517/6,766 requests served (96.3%), mean utilisation 0.456
14:15:27 | INFO    | ltf                | B: lam_util=0.5: total utility 5,313.4, 6,096/6,235 requests served (97.8%), mean utilisation 0.422
14:15:27 | INFO    | ltf                | B: lam_util=0.5: total utility 6,699.2, 6,526/6,766 requests served (96.5%), mean utilisation 0.457
14:15:28 | INFO    | ltf                | B: lam_util=0.5: total utility 5,574.5, 6,088/6,235 requests served (97.6%), mean utilisation 0.418
14:15:29 | INFO    | ltf                | B: lam_util=0.5: total utility 6,700.8, 6,529/6,766 requests served (96.5%), mean utilisation 0.457
14:15:29 | INFO    | ltf                | B: lam_util=0.5: total utility 5,750.1, 6,078/6,235 requests served (97.5%), mean utilisation 0.416
14:15:30 | INFO    | ltf                | B: lam_util=0.5: total utility 7,030.8, 6,511/6,766 requests served (96.2%), mean utilisation 0.451
14:15:31 | INFO    | ltf                | B: lam_util=0.5: total utility 5,821.0, 6,087/6,235 requests served (97.6%), mean utilisation 0.415
14:15:31 | INFO    | ltf                | B: lam_util=0.5: total utility 7,221.8, 6,537/6,766 requests served (96.6%), mean utilisation 0.451
14:15:32 | INFO    | ltf                | B: lam_util=0.5: total utility 5,923.2, 6,083/6,235 requests served (97.6%), mean utilisation 0.414
14:15:33 | INFO    | ltf                | B: lam_util=0.5: total utility 7,344.6, 6,505/6,766 requests served (96.1%), mean utilisation 0.447
14:15:34 | INFO    | ltf                | B: lam_util=0.5: total utility 6,126.0, 6,076/6,235 requests served (97.4%), mean utilisation 0.412
14:15:34 | INFO    | ltf                | B: lam_util=0.5: total utility 7,474.9, 6,539/6,766 requests served (96.6%), mean utilisation 0.448
14:15:35 | INFO    | ltf                | B: lam_util=0.5: total utility 6,336.7, 6,098/6,235 requests served (97.8%), mean utilisation 0.410
14:15:36 | INFO    | ltf                | B: lam_util=0.5: total utility 7,647.6, 6,526/6,766 requests served (96.5%), mean utilisation 0.445
14:15:36 | INFO    | ltf                | B: lam_util=0.5: total utility 6,513.4, 6,069/6,235 requests served (97.3%), mean utilisation 0.407
14:15:37 | INFO    | ltf                | B: lam_util=0.5: total utility 7,751.3, 6,525/6,766 requests served (96.4%), mean utilisation 0.445
14:15:38 | INFO    | ltf                | B: lam_util=0.5: total utility 6,896.0, 6,105/6,235 requests served (97.9%), mean utilisation 0.405
14:15:38 | INFO    | ltf                |   episode 30/30: eps=0.28, train utility 14647.2, |V|>0 on 38825/104400 states
14:15:38 | INFO    | ltf                | training B: lam_util=0.5 (30 episodes over 2 scenario(s)) done in 42.2s
14:15:38 | INFO    | ltf                | B: lam_util=0.5: total utility 10,864.5, 4,805/6,492 requests served (74.0%), mean utilisation 0.320
14:15:38 | INFO    | ltf                | training B: lam_util=1.0 (30 episodes over 2 scenario(s)) ...
14:15:39 | INFO    | ltf                | B: lam_util=1.0: total utility 2,605.4, 6,481/6,766 requests served (95.8%), mean utilisation 0.495
14:15:40 | INFO    | ltf                | B: lam_util=1.0: total utility 1,598.5, 6,074/6,235 requests served (97.4%), mean utilisation 0.458
14:15:41 | INFO    | ltf                | B: lam_util=1.0: total utility 2,736.3, 6,484/6,766 requests served (95.8%), mean utilisation 0.494
14:15:41 | INFO    | ltf                | B: lam_util=1.0: total utility 1,744.0, 6,045/6,235 requests served (97.0%), mean utilisation 0.455
14:15:42 | INFO    | ltf                | B: lam_util=1.0: total utility 2,796.0, 6,501/6,766 requests served (96.1%), mean utilisation 0.494
14:15:43 | INFO    | ltf                | B: lam_util=1.0: total utility 1,989.5, 6,056/6,235 requests served (97.1%), mean utilisation 0.453
14:15:43 | INFO    | ltf                | B: lam_util=1.0: total utility 3,342.7, 6,516/6,766 requests served (96.3%), mean utilisation 0.490
14:15:44 | INFO    | ltf                | B: lam_util=1.0: total utility 1,931.4, 6,043/6,235 requests served (96.9%), mean utilisation 0.453
14:15:46 | INFO    | ltf                | B: lam_util=1.0: total utility 3,331.3, 6,499/6,766 requests served (96.1%), mean utilisation 0.490
14:15:47 | INFO    | ltf                | B: lam_util=1.0: total utility 2,467.4, 6,070/6,235 requests served (97.4%), mean utilisation 0.450
14:15:48 | INFO    | ltf                | B: lam_util=1.0: total utility 3,442.6, 6,518/6,766 requests served (96.3%), mean utilisation 0.489
14:15:48 | INFO    | ltf                | B: lam_util=1.0: total utility 2,715.2, 6,065/6,235 requests served (97.3%), mean utilisation 0.447
14:15:49 | INFO    | ltf                | B: lam_util=1.0: total utility 3,670.6, 6,495/6,766 requests served (96.0%), mean utilisation 0.485
14:15:50 | INFO    | ltf                | B: lam_util=1.0: total utility 2,563.1, 6,065/6,235 requests served (97.3%), mean utilisation 0.448
14:15:50 | INFO    | ltf                | B: lam_util=1.0: total utility 3,951.3, 6,536/6,766 requests served (96.6%), mean utilisation 0.485
14:15:51 | INFO    | ltf                | B: lam_util=1.0: total utility 2,715.8, 6,059/6,235 requests served (97.2%), mean utilisation 0.446
14:15:52 | INFO    | ltf                | B: lam_util=1.0: total utility 4,039.3, 6,513/6,766 requests served (96.3%), mean utilisation 0.484
14:18:43 | INFO    | ltf                | B: lam_util=1.0: total utility 3,044.8, 6,087/6,235 requests served (97.6%), mean utilisation 0.445
14:18:45 | INFO    | ltf                | B: lam_util=1.0: total utility 4,213.5, 6,508/6,766 requests served (96.2%), mean utilisation 0.481
14:18:46 | INFO    | ltf                | B: lam_util=1.0: total utility 3,355.3, 6,079/6,235 requests served (97.5%), mean utilisation 0.442
14:18:46 | INFO    | ltf                |   episode 10/30: eps=0.71, train utility 7568.9, |V|>0 on 27398/104400 states
14:18:47 | INFO    | ltf                | B: lam_util=1.0: total utility 4,284.1, 6,495/6,766 requests served (96.0%), mean utilisation 0.478
14:18:48 | INFO    | ltf                | B: lam_util=1.0: total utility 3,365.0, 6,072/6,235 requests served (97.4%), mean utilisation 0.440
14:18:49 | INFO    | ltf                | B: lam_util=1.0: total utility 4,602.0, 6,516/6,766 requests served (96.3%), mean utilisation 0.477
14:18:50 | INFO    | ltf                | B: lam_util=1.0: total utility 3,553.2, 6,087/6,235 requests served (97.6%), mean utilisation 0.440
14:18:51 | INFO    | ltf                | B: lam_util=1.0: total utility 4,736.8, 6,508/6,766 requests served (96.2%), mean utilisation 0.474
14:18:51 | INFO    | ltf                | B: lam_util=1.0: total utility 3,739.9, 6,094/6,235 requests served (97.7%), mean utilisation 0.438
14:18:52 | INFO    | ltf                | B: lam_util=1.0: total utility 5,027.0, 6,528/6,766 requests served (96.5%), mean utilisation 0.472
14:18:53 | INFO    | ltf                | B: lam_util=1.0: total utility 3,845.5, 6,076/6,235 requests served (97.4%), mean utilisation 0.436
14:18:54 | INFO    | ltf                | B: lam_util=1.0: total utility 5,106.9, 6,498/6,766 requests served (96.0%), mean utilisation 0.471
14:18:55 | INFO    | ltf                | B: lam_util=1.0: total utility 4,149.0, 6,073/6,235 requests served (97.4%), mean utilisation 0.433
14:18:56 | INFO    | ltf                | B: lam_util=1.0: total utility 5,084.6, 6,513/6,766 requests served (96.3%), mean utilisation 0.471
14:18:57 | INFO    | ltf                | B: lam_util=1.0: total utility 4,224.8, 6,088/6,235 requests served (97.6%), mean utilisation 0.434
14:18:58 | INFO    | ltf                | B: lam_util=1.0: total utility 5,448.5, 6,531/6,766 requests served (96.5%), mean utilisation 0.470
14:18:58 | INFO    | ltf                | B: lam_util=1.0: total utility 4,310.9, 6,086/6,235 requests served (97.6%), mean utilisation 0.432
14:18:59 | INFO    | ltf                | B: lam_util=1.0: total utility 5,363.3, 6,536/6,766 requests served (96.6%), mean utilisation 0.471
14:19:00 | INFO    | ltf                | B: lam_util=1.0: total utility 4,510.0, 6,067/6,235 requests served (97.3%), mean utilisation 0.427
14:19:01 | INFO    | ltf                | B: lam_util=1.0: total utility 5,658.7, 6,507/6,766 requests served (96.2%), mean utilisation 0.465
14:19:02 | INFO    | ltf                | B: lam_util=1.0: total utility 4,719.0, 6,073/6,235 requests served (97.4%), mean utilisation 0.426
14:19:02 | INFO    | ltf                | B: lam_util=1.0: total utility 6,051.8, 6,499/6,766 requests served (96.1%), mean utilisation 0.462
14:19:03 | INFO    | ltf                | B: lam_util=1.0: total utility 4,907.9, 6,076/6,235 requests served (97.4%), mean utilisation 0.424
14:19:03 | INFO    | ltf                |   episode 20/30: eps=0.50, train utility 10959.7, |V|>0 on 34316/104400 states
14:19:04 | INFO    | ltf                | B: lam_util=1.0: total utility 6,150.2, 6,525/6,766 requests served (96.4%), mean utilisation 0.462
14:19:05 | INFO    | ltf                | B: lam_util=1.0: total utility 4,928.1, 6,093/6,235 requests served (97.7%), mean utilisation 0.425
14:19:06 | INFO    | ltf                | B: lam_util=1.0: total utility 6,398.3, 6,530/6,766 requests served (96.5%), mean utilisation 0.460
14:19:07 | INFO    | ltf                | B: lam_util=1.0: total utility 5,182.3, 6,074/6,235 requests served (97.4%), mean utilisation 0.421
14:19:08 | INFO    | ltf                | B: lam_util=1.0: total utility 6,411.3, 6,510/6,766 requests served (96.2%), mean utilisation 0.457
14:19:08 | INFO    | ltf                | B: lam_util=1.0: total utility 5,348.7, 6,061/6,235 requests served (97.2%), mean utilisation 0.418
14:19:09 | INFO    | ltf                | B: lam_util=1.0: total utility 6,655.0, 6,536/6,766 requests served (96.6%), mean utilisation 0.457
14:19:10 | INFO    | ltf                | B: lam_util=1.0: total utility 5,601.4, 6,080/6,235 requests served (97.5%), mean utilisation 0.418
14:19:11 | INFO    | ltf                | B: lam_util=1.0: total utility 6,917.1, 6,529/6,766 requests served (96.5%), mean utilisation 0.454
14:19:12 | INFO    | ltf                | B: lam_util=1.0: total utility 5,708.4, 6,089/6,235 requests served (97.7%), mean utilisation 0.416
14:19:13 | INFO    | ltf                | B: lam_util=1.0: total utility 7,102.8, 6,538/6,766 requests served (96.6%), mean utilisation 0.451
14:19:13 | INFO    | ltf                | B: lam_util=1.0: total utility 5,756.1, 6,102/6,235 requests served (97.9%), mean utilisation 0.416
14:19:14 | INFO    | ltf                | B: lam_util=1.0: total utility 7,110.1, 6,518/6,766 requests served (96.3%), mean utilisation 0.451
14:19:15 | INFO    | ltf                | B: lam_util=1.0: total utility 5,931.8, 6,078/6,235 requests served (97.5%), mean utilisation 0.414
14:19:16 | INFO    | ltf                | B: lam_util=1.0: total utility 7,375.7, 6,529/6,766 requests served (96.5%), mean utilisation 0.448
14:19:17 | INFO    | ltf                | B: lam_util=1.0: total utility 6,271.0, 6,078/6,235 requests served (97.5%), mean utilisation 0.410
14:19:18 | INFO    | ltf                | B: lam_util=1.0: total utility 7,648.2, 6,546/6,766 requests served (96.7%), mean utilisation 0.447
14:19:19 | INFO    | ltf                | B: lam_util=1.0: total utility 6,332.9, 6,084/6,235 requests served (97.6%), mean utilisation 0.410
14:19:19 | INFO    | ltf                | B: lam_util=1.0: total utility 7,646.7, 6,516/6,766 requests served (96.3%), mean utilisation 0.445
14:19:20 | INFO    | ltf                | B: lam_util=1.0: total utility 6,605.2, 6,093/6,235 requests served (97.7%), mean utilisation 0.406
14:19:20 | INFO    | ltf                |   episode 30/30: eps=0.28, train utility 14251.9, |V|>0 on 38467/104400 states
14:19:20 | INFO    | ltf                | training B: lam_util=1.0 (30 episodes over 2 scenario(s)) done in 52.3s
14:19:21 | INFO    | ltf                | B: lam_util=1.0: total utility 10,636.1, 4,761/6,492 requests served (73.3%), mean utilisation 0.319
14:19:21 | INFO    | ltf                | training B: lam_util=2.0 (30 episodes over 2 scenario(s)) ...
14:19:22 | INFO    | ltf                | B: lam_util=2.0: total utility 2,453.7, 6,493/6,766 requests served (96.0%), mean utilisation 0.498
14:19:23 | INFO    | ltf                | B: lam_util=2.0: total utility 1,666.8, 6,063/6,235 requests served (97.2%), mean utilisation 0.457
14:19:24 | INFO    | ltf                | B: lam_util=2.0: total utility 2,597.9, 6,511/6,766 requests served (96.2%), mean utilisation 0.498
14:19:25 | INFO    | ltf                | B: lam_util=2.0: total utility 2,017.5, 6,072/6,235 requests served (97.4%), mean utilisation 0.456
14:19:26 | INFO    | ltf                | B: lam_util=2.0: total utility 2,913.0, 6,504/6,766 requests served (96.1%), mean utilisation 0.494
14:19:26 | INFO    | ltf                | B: lam_util=2.0: total utility 1,959.2, 6,080/6,235 requests served (97.5%), mean utilisation 0.457
14:19:27 | INFO    | ltf                | B: lam_util=2.0: total utility 2,950.2, 6,488/6,766 requests served (95.9%), mean utilisation 0.492
14:19:28 | INFO    | ltf                | B: lam_util=2.0: total utility 1,895.9, 6,071/6,235 requests served (97.4%), mean utilisation 0.456
14:19:29 | INFO    | ltf                | B: lam_util=2.0: total utility 3,168.8, 6,488/6,766 requests served (95.9%), mean utilisation 0.490
14:19:30 | INFO    | ltf                | B: lam_util=2.0: total utility 2,314.9, 6,080/6,235 requests served (97.5%), mean utilisation 0.452
14:19:31 | INFO    | ltf                | B: lam_util=2.0: total utility 3,182.5, 6,516/6,766 requests served (96.3%), mean utilisation 0.490
14:19:31 | INFO    | ltf                | B: lam_util=2.0: total utility 2,384.5, 6,088/6,235 requests served (97.6%), mean utilisation 0.452
14:19:32 | INFO    | ltf                | B: lam_util=2.0: total utility 3,431.9, 6,519/6,766 requests served (96.3%), mean utilisation 0.490
14:19:33 | INFO    | ltf                | B: lam_util=2.0: total utility 2,580.9, 6,061/6,235 requests served (97.2%), mean utilisation 0.449
14:19:34 | INFO    | ltf                | B: lam_util=2.0: total utility 3,489.1, 6,501/6,766 requests served (96.1%), mean utilisation 0.488
14:19:35 | INFO    | ltf                | B: lam_util=2.0: total utility 2,589.9, 6,059/6,235 requests served (97.2%), mean utilisation 0.448
14:19:35 | INFO    | ltf                | B: lam_util=2.0: total utility 3,735.2, 6,509/6,766 requests served (96.2%), mean utilisation 0.486
14:19:36 | INFO    | ltf                | B: lam_util=2.0: total utility 2,735.4, 6,059/6,235 requests served (97.2%), mean utilisation 0.446
14:19:37 | INFO    | ltf                | B: lam_util=2.0: total utility 3,979.8, 6,518/6,766 requests served (96.3%), mean utilisation 0.485
14:19:38 | INFO    | ltf                | B: lam_util=2.0: total utility 2,962.1, 6,069/6,235 requests served (97.3%), mean utilisation 0.445
14:19:38 | INFO    | ltf                |   episode 10/30: eps=0.71, train utility 6941.9, |V|>0 on 27279/104400 states
14:19:39 | INFO    | ltf                | B: lam_util=2.0: total utility 4,066.2, 6,511/6,766 requests served (96.2%), mean utilisation 0.482
14:19:40 | INFO    | ltf                | B: lam_util=2.0: total utility 3,162.6, 6,084/6,235 requests served (97.6%), mean utilisation 0.445
14:19:40 | INFO    | ltf                | B: lam_util=2.0: total utility 4,187.2, 6,514/6,766 requests served (96.3%), mean utilisation 0.481
14:19:41 | INFO    | ltf                | B: lam_util=2.0: total utility 3,264.9, 6,066/6,235 requests served (97.3%), mean utilisation 0.442
14:19:42 | INFO    | ltf                | B: lam_util=2.0: total utility 4,474.0, 6,519/6,766 requests served (96.3%), mean utilisation 0.480
14:19:43 | INFO    | ltf                | B: lam_util=2.0: total utility 3,495.7, 6,071/6,235 requests served (97.4%), mean utilisation 0.439
14:19:44 | INFO    | ltf                | B: lam_util=2.0: total utility 4,465.8, 6,509/6,766 requests served (96.2%), mean utilisation 0.478
14:19:45 | INFO    | ltf                | B: lam_util=2.0: total utility 3,541.5, 6,086/6,235 requests served (97.6%), mean utilisation 0.440
14:19:46 | INFO    | ltf                | B: lam_util=2.0: total utility 4,687.3, 6,507/6,766 requests served (96.2%), mean utilisation 0.476
14:19:46 | INFO    | ltf                | B: lam_util=2.0: total utility 3,758.1, 6,080/6,235 requests served (97.5%), mean utilisation 0.437
14:19:47 | INFO    | ltf                | B: lam_util=2.0: total utility 4,753.6, 6,498/6,766 requests served (96.0%), mean utilisation 0.474
14:19:48 | INFO    | ltf                | B: lam_util=2.0: total utility 3,939.2, 6,082/6,235 requests served (97.5%), mean utilisation 0.436
14:19:49 | INFO    | ltf                | B: lam_util=2.0: total utility 5,129.9, 6,514/6,766 requests served (96.3%), mean utilisation 0.472
14:19:50 | INFO    | ltf                | B: lam_util=2.0: total utility 4,058.8, 6,089/6,235 requests served (97.7%), mean utilisation 0.434
14:19:50 | INFO    | ltf                | B: lam_util=2.0: total utility 5,090.2, 6,532/6,766 requests served (96.5%), mean utilisation 0.473
14:19:51 | INFO    | ltf                | B: lam_util=2.0: total utility 4,221.9, 6,084/6,235 requests served (97.6%), mean utilisation 0.432
14:19:52 | INFO    | ltf                | B: lam_util=2.0: total utility 5,422.3, 6,501/6,766 requests served (96.1%), mean utilisation 0.468
14:19:53 | INFO    | ltf                | B: lam_util=2.0: total utility 4,411.3, 6,074/6,235 requests served (97.4%), mean utilisation 0.430
14:19:54 | INFO    | ltf                | B: lam_util=2.0: total utility 5,680.0, 6,536/6,766 requests served (96.6%), mean utilisation 0.468
14:19:54 | INFO    | ltf                | B: lam_util=2.0: total utility 4,589.7, 6,082/6,235 requests served (97.5%), mean utilisation 0.429
14:19:54 | INFO    | ltf                |   episode 20/30: eps=0.50, train utility 10269.7, |V|>0 on 33868/104400 states
14:19:55 | INFO    | ltf                | B: lam_util=2.0: total utility 5,781.2, 6,515/6,766 requests served (96.3%), mean utilisation 0.464
14:19:56 | INFO    | ltf                | B: lam_util=2.0: total utility 4,693.1, 6,087/6,235 requests served (97.6%), mean utilisation 0.428
14:19:57 | INFO    | ltf                | B: lam_util=2.0: total utility 5,791.7, 6,518/6,766 requests served (96.3%), mean utilisation 0.466
14:19:58 | INFO    | ltf                | B: lam_util=2.0: total utility 4,739.5, 6,087/6,235 requests served (97.6%), mean utilisation 0.426
14:19:59 | INFO    | ltf                | B: lam_util=2.0: total utility 6,093.9, 6,535/6,766 requests served (96.6%), mean utilisation 0.463
14:19:59 | INFO    | ltf                | B: lam_util=2.0: total utility 5,176.8, 6,068/6,235 requests served (97.3%), mean utilisation 0.420
14:20:00 | INFO    | ltf                | B: lam_util=2.0: total utility 6,251.0, 6,503/6,766 requests served (96.1%), mean utilisation 0.460
14:20:01 | INFO    | ltf                | B: lam_util=2.0: total utility 5,126.5, 6,077/6,235 requests served (97.5%), mean utilisation 0.421
14:20:02 | INFO    | ltf                | B: lam_util=2.0: total utility 6,184.9, 6,495/6,766 requests served (96.0%), mean utilisation 0.459
14:20:03 | INFO    | ltf                | B: lam_util=2.0: total utility 5,347.3, 6,080/6,235 requests served (97.5%), mean utilisation 0.420
14:20:04 | INFO    | ltf                | B: lam_util=2.0: total utility 6,500.7, 6,523/6,766 requests served (96.4%), mean utilisation 0.456
14:20:05 | INFO    | ltf                | B: lam_util=2.0: total utility 5,529.0, 6,071/6,235 requests served (97.4%), mean utilisation 0.417
14:20:06 | INFO    | ltf                | B: lam_util=2.0: total utility 6,662.1, 6,501/6,766 requests served (96.1%), mean utilisation 0.454
14:20:06 | INFO    | ltf                | B: lam_util=2.0: total utility 5,509.7, 6,082/6,235 requests served (97.5%), mean utilisation 0.418
14:20:07 | INFO    | ltf                | B: lam_util=2.0: total utility 6,752.5, 6,502/6,766 requests served (96.1%), mean utilisation 0.452
14:20:08 | INFO    | ltf                | B: lam_util=2.0: total utility 5,852.4, 6,083/6,235 requests served (97.6%), mean utilisation 0.414
14:20:09 | INFO    | ltf                | B: lam_util=2.0: total utility 7,081.1, 6,545/6,766 requests served (96.7%), mean utilisation 0.452
14:20:10 | INFO    | ltf                | B: lam_util=2.0: total utility 5,895.2, 6,084/6,235 requests served (97.6%), mean utilisation 0.414
14:20:10 | INFO    | ltf                | B: lam_util=2.0: total utility 7,303.3, 6,523/6,766 requests served (96.4%), mean utilisation 0.449
14:20:11 | INFO    | ltf                | B: lam_util=2.0: total utility 6,215.9, 6,088/6,235 requests served (97.6%), mean utilisation 0.410
14:20:11 | INFO    | ltf                |   episode 30/30: eps=0.28, train utility 13519.3, |V|>0 on 37968/104400 states
14:20:11 | INFO    | ltf                | training B: lam_util=2.0 (30 episodes over 2 scenario(s)) done in 50.4s
14:20:12 | INFO    | ltf                | B: lam_util=2.0: total utility 10,095.9, 4,580/6,492 requests served (70.5%), mean utilisation 0.314

====================================================================================================
STAGE B  lambda_util at lambda_between=16.0 (Gap 1b stays ON)
====================================================================================================
 lambda_within  lambda_between  lambda_util  total_utility  fairness_total_var  rate_var  rate_var_within  rate_var_between  rate_full_time  rate_part_time  rate_group_ratio  parity_error  util_mean  util_var  util_adj_var  n_idle_drivers  service_rate
           1.0            16.0         0.05   10863.975872         1484.911792  0.371868         0.370914          0.000954        2.075522        2.011894          0.969344      0.030656   0.335900  0.011556      0.170476               2      0.746457
           1.0            16.0         0.10   10986.665639         1603.117199  0.402472         0.401107          0.001365        2.096135        2.020021          0.963689      0.036311   0.323768  0.009513      0.133903               1      0.738909
           1.0            16.0         0.25   10883.057160         1547.213631  0.363767         0.361698          0.002069        2.081720        1.987999          0.954979      0.045021   0.323287  0.007903      0.114942               0      0.747381
           1.0            16.0         0.50   10864.535951         1548.146045  0.375404         0.374350          0.001054        2.073381        2.006505          0.967746      0.032254   0.316674  0.006664      0.111332               0      0.740142
           1.0            16.0         1.00   10636.137852         1540.992591  0.393774         0.391902          0.001872        2.029432        1.940290          0.956076      0.043924   0.311851  0.005262      0.094690               0      0.733364
           1.0            16.0         2.00   10095.864292         1408.823416  0.375096         0.372311          0.002785        1.933463        1.824745          0.943770      0.056230   0.302180  0.004824      0.128237               0      0.705484

  best parity so far: lambda_util=0.05, ratio 0.969, error 0.031
14:20:12 | INFO    | ltf                | training C: lam_within=0.1 (30 episodes over 2 scenario(s)) ...
14:20:13 | INFO    | ltf                | C: lam_within=0.1: total utility 3,005.5, 6,509/6,766 requests served (96.2%), mean utilisation 0.494
14:20:14 | INFO    | ltf                | C: lam_within=0.1: total utility 2,018.4, 6,057/6,235 requests served (97.1%), mean utilisation 0.454
14:20:14 | INFO    | ltf                | C: lam_within=0.1: total utility 3,118.7, 6,480/6,766 requests served (95.8%), mean utilisation 0.490
14:20:15 | INFO    | ltf                | C: lam_within=0.1: total utility 2,042.8, 6,069/6,235 requests served (97.3%), mean utilisation 0.455
14:20:16 | INFO    | ltf                | C: lam_within=0.1: total utility 3,127.3, 6,494/6,766 requests served (96.0%), mean utilisation 0.490
14:20:17 | INFO    | ltf                | C: lam_within=0.1: total utility 2,291.8, 6,060/6,235 requests served (97.2%), mean utilisation 0.451
14:20:18 | INFO    | ltf                | C: lam_within=0.1: total utility 3,402.0, 6,519/6,766 requests served (96.3%), mean utilisation 0.489
14:20:18 | INFO    | ltf                | C: lam_within=0.1: total utility 2,441.3, 6,061/6,235 requests served (97.2%), mean utilisation 0.449
14:20:19 | INFO    | ltf                | C: lam_within=0.1: total utility 3,487.4, 6,520/6,766 requests served (96.4%), mean utilisation 0.489
14:20:20 | INFO    | ltf                | C: lam_within=0.1: total utility 2,645.8, 6,082/6,235 requests served (97.5%), mean utilisation 0.448
14:20:21 | INFO    | ltf                | C: lam_within=0.1: total utility 3,624.6, 6,489/6,766 requests served (95.9%), mean utilisation 0.485
14:20:22 | INFO    | ltf                | C: lam_within=0.1: total utility 2,766.5, 6,060/6,235 requests served (97.2%), mean utilisation 0.446
14:20:22 | INFO    | ltf                | C: lam_within=0.1: total utility 4,042.2, 6,482/6,766 requests served (95.8%), mean utilisation 0.481
14:20:23 | INFO    | ltf                | C: lam_within=0.1: total utility 2,803.1, 6,064/6,235 requests served (97.3%), mean utilisation 0.445
14:20:24 | INFO    | ltf                | C: lam_within=0.1: total utility 4,139.9, 6,511/6,766 requests served (96.2%), mean utilisation 0.481
14:20:25 | INFO    | ltf                | C: lam_within=0.1: total utility 3,318.7, 6,056/6,235 requests served (97.1%), mean utilisation 0.439
14:20:26 | INFO    | ltf                | C: lam_within=0.1: total utility 4,391.7, 6,502/6,766 requests served (96.1%), mean utilisation 0.478
14:20:27 | INFO    | ltf                | C: lam_within=0.1: total utility 3,301.2, 6,070/6,235 requests served (97.4%), mean utilisation 0.440
14:20:27 | INFO    | ltf                | C: lam_within=0.1: total utility 4,722.6, 6,524/6,766 requests served (96.4%), mean utilisation 0.477
14:20:28 | INFO    | ltf                | C: lam_within=0.1: total utility 3,448.0, 6,069/6,235 requests served (97.3%), mean utilisation 0.439
14:20:28 | INFO    | ltf                |   episode 10/30: eps=0.71, train utility 8170.6, |V|>0 on 27447/104400 states
14:20:29 | INFO    | ltf                | C: lam_within=0.1: total utility 4,685.4, 6,526/6,766 requests served (96.5%), mean utilisation 0.477
14:20:30 | INFO    | ltf                | C: lam_within=0.1: total utility 3,633.5, 6,070/6,235 requests served (97.4%), mean utilisation 0.437
14:20:31 | INFO    | ltf                | C: lam_within=0.1: total utility 4,955.3, 6,529/6,766 requests served (96.5%), mean utilisation 0.475
14:20:32 | INFO    | ltf                | C: lam_within=0.1: total utility 3,933.0, 6,085/6,235 requests served (97.6%), mean utilisation 0.435
14:20:33 | INFO    | ltf                | C: lam_within=0.1: total utility 4,992.9, 6,517/6,766 requests served (96.3%), mean utilisation 0.474
14:20:33 | INFO    | ltf                | C: lam_within=0.1: total utility 3,991.4, 6,043/6,235 requests served (96.9%), mean utilisation 0.432
14:20:34 | INFO    | ltf                | C: lam_within=0.1: total utility 5,412.8, 6,506/6,766 requests served (96.2%), mean utilisation 0.468
14:20:35 | INFO    | ltf                | C: lam_within=0.1: total utility 4,213.0, 6,071/6,235 requests served (97.4%), mean utilisation 0.432
14:20:36 | INFO    | ltf                | C: lam_within=0.1: total utility 5,413.3, 6,511/6,766 requests served (96.2%), mean utilisation 0.469
14:20:37 | INFO    | ltf                | C: lam_within=0.1: total utility 4,719.2, 6,102/6,235 requests served (97.9%), mean utilisation 0.429
14:20:38 | INFO    | ltf                | C: lam_within=0.1: total utility 5,663.0, 6,541/6,766 requests served (96.7%), mean utilisation 0.468
14:20:39 | INFO    | ltf                | C: lam_within=0.1: total utility 4,406.3, 6,069/6,235 requests served (97.3%), mean utilisation 0.429
14:20:40 | INFO    | ltf                | C: lam_within=0.1: total utility 5,915.2, 6,527/6,766 requests served (96.5%), mean utilisation 0.464
14:20:41 | INFO    | ltf                | C: lam_within=0.1: total utility 4,685.2, 6,071/6,235 requests served (97.4%), mean utilisation 0.426
14:20:42 | INFO    | ltf                | C: lam_within=0.1: total utility 5,918.7, 6,530/6,766 requests served (96.5%), mean utilisation 0.465
14:20:43 | INFO    | ltf                | C: lam_within=0.1: total utility 4,868.2, 6,065/6,235 requests served (97.3%), mean utilisation 0.423
14:20:44 | INFO    | ltf                | C: lam_within=0.1: total utility 6,261.1, 6,519/6,766 requests served (96.3%), mean utilisation 0.461
14:20:45 | INFO    | ltf                | C: lam_within=0.1: total utility 5,122.7, 6,075/6,235 requests served (97.4%), mean utilisation 0.422
14:20:45 | INFO    | ltf                | C: lam_within=0.1: total utility 6,267.6, 6,525/6,766 requests served (96.4%), mean utilisation 0.461
14:20:46 | INFO    | ltf                | C: lam_within=0.1: total utility 5,320.2, 6,094/6,235 requests served (97.7%), mean utilisation 0.421
14:20:46 | INFO    | ltf                |   episode 20/30: eps=0.50, train utility 11587.9, |V|>0 on 34584/104400 states
14:20:47 | INFO    | ltf                | C: lam_within=0.1: total utility 6,734.5, 6,537/6,766 requests served (96.6%), mean utilisation 0.457
14:20:48 | INFO    | ltf                | C: lam_within=0.1: total utility 5,378.9, 6,078/6,235 requests served (97.5%), mean utilisation 0.420
14:20:49 | INFO    | ltf                | C: lam_within=0.1: total utility 6,588.4, 6,536/6,766 requests served (96.6%), mean utilisation 0.457
14:20:49 | INFO    | ltf                | C: lam_within=0.1: total utility 5,567.1, 6,072/6,235 requests served (97.4%), mean utilisation 0.416
14:20:50 | INFO    | ltf                | C: lam_within=0.1: total utility 7,059.2, 6,534/6,766 requests served (96.6%), mean utilisation 0.452
14:20:51 | INFO    | ltf                | C: lam_within=0.1: total utility 5,952.8, 6,092/6,235 requests served (97.7%), mean utilisation 0.416
14:20:52 | INFO    | ltf                | C: lam_within=0.1: total utility 7,189.4, 6,516/6,766 requests served (96.3%), mean utilisation 0.451
14:20:53 | INFO    | ltf                | C: lam_within=0.1: total utility 6,180.6, 6,080/6,235 requests served (97.5%), mean utilisation 0.411
14:20:53 | INFO    | ltf                | C: lam_within=0.1: total utility 7,308.0, 6,535/6,766 requests served (96.6%), mean utilisation 0.450
14:20:54 | INFO    | ltf                | C: lam_within=0.1: total utility 6,208.4, 6,095/6,235 requests served (97.8%), mean utilisation 0.412
14:20:55 | INFO    | ltf                | C: lam_within=0.1: total utility 7,332.7, 6,513/6,766 requests served (96.3%), mean utilisation 0.447
14:20:56 | INFO    | ltf                | C: lam_within=0.1: total utility 6,316.8, 6,073/6,235 requests served (97.4%), mean utilisation 0.409
14:20:57 | INFO    | ltf                | C: lam_within=0.1: total utility 7,523.0, 6,514/6,766 requests served (96.3%), mean utilisation 0.446
14:20:58 | INFO    | ltf                | C: lam_within=0.1: total utility 6,468.3, 6,106/6,235 requests served (97.9%), mean utilisation 0.409
14:20:58 | INFO    | ltf                | C: lam_within=0.1: total utility 7,859.8, 6,536/6,766 requests served (96.6%), mean utilisation 0.445
14:20:59 | INFO    | ltf                | C: lam_within=0.1: total utility 6,776.6, 6,107/6,235 requests served (97.9%), mean utilisation 0.407
14:21:00 | INFO    | ltf                | C: lam_within=0.1: total utility 8,226.4, 6,544/6,766 requests served (96.7%), mean utilisation 0.441
14:21:01 | INFO    | ltf                | C: lam_within=0.1: total utility 6,811.7, 6,096/6,235 requests served (97.8%), mean utilisation 0.405
14:21:02 | INFO    | ltf                | C: lam_within=0.1: total utility 8,285.0, 6,534/6,766 requests served (96.6%), mean utilisation 0.440
14:21:02 | INFO    | ltf                | C: lam_within=0.1: total utility 7,059.7, 6,098/6,235 requests served (97.8%), mean utilisation 0.402
14:21:02 | INFO    | ltf                |   episode 30/30: eps=0.28, train utility 15344.8, |V|>0 on 38478/104400 states
14:21:02 | INFO    | ltf                | training C: lam_within=0.1 (30 episodes over 2 scenario(s)) done in 50.5s
14:21:03 | INFO    | ltf                | C: lam_within=0.1: total utility 11,211.4, 4,650/6,492 requests served (71.6%), mean utilisation 0.308
14:21:03 | INFO    | ltf                | training C: lam_within=0.25 (30 episodes over 2 scenario(s)) ...
14:21:04 | INFO    | ltf                | C: lam_within=0.25: total utility 2,826.5, 6,509/6,766 requests served (96.2%), mean utilisation 0.496
14:21:05 | INFO    | ltf                | C: lam_within=0.25: total utility 1,781.6, 6,079/6,235 requests served (97.5%), mean utilisation 0.458
14:21:06 | INFO    | ltf                | C: lam_within=0.25: total utility 3,090.6, 6,506/6,766 requests served (96.2%), mean utilisation 0.491
14:21:07 | INFO    | ltf                | C: lam_within=0.25: total utility 2,092.3, 6,061/6,235 requests served (97.2%), mean utilisation 0.454
14:21:08 | INFO    | ltf                | C: lam_within=0.25: total utility 3,154.2, 6,515/6,766 requests served (96.3%), mean utilisation 0.492
14:21:08 | INFO    | ltf                | C: lam_within=0.25: total utility 2,344.9, 6,071/6,235 requests served (97.4%), mean utilisation 0.451
14:21:09 | INFO    | ltf                | C: lam_within=0.25: total utility 3,158.2, 6,498/6,766 requests served (96.0%), mean utilisation 0.490
14:21:10 | INFO    | ltf                | C: lam_within=0.25: total utility 2,446.3, 6,078/6,235 requests served (97.5%), mean utilisation 0.451
14:21:11 | INFO    | ltf                | C: lam_within=0.25: total utility 3,535.6, 6,546/6,766 requests served (96.7%), mean utilisation 0.490
14:21:12 | INFO    | ltf                | C: lam_within=0.25: total utility 2,594.9, 6,065/6,235 requests served (97.3%), mean utilisation 0.448
14:21:12 | INFO    | ltf                | C: lam_within=0.25: total utility 3,665.4, 6,507/6,766 requests served (96.2%), mean utilisation 0.485
14:21:13 | INFO    | ltf                | C: lam_within=0.25: total utility 2,673.9, 6,066/6,235 requests served (97.3%), mean utilisation 0.448
14:21:14 | INFO    | ltf                | C: lam_within=0.25: total utility 3,919.6, 6,525/6,766 requests served (96.4%), mean utilisation 0.484
14:21:15 | INFO    | ltf                | C: lam_within=0.25: total utility 2,898.8, 6,064/6,235 requests served (97.3%), mean utilisation 0.445
14:21:16 | INFO    | ltf                | C: lam_within=0.25: total utility 4,050.9, 6,496/6,766 requests served (96.0%), mean utilisation 0.482
14:21:16 | INFO    | ltf                | C: lam_within=0.25: total utility 3,143.8, 6,065/6,235 requests served (97.3%), mean utilisation 0.443
14:21:17 | INFO    | ltf                | C: lam_within=0.25: total utility 4,411.8, 6,515/6,766 requests served (96.3%), mean utilisation 0.479
14:21:18 | INFO    | ltf                | C: lam_within=0.25: total utility 3,343.5, 6,074/6,235 requests served (97.4%), mean utilisation 0.441
14:21:19 | INFO    | ltf                | C: lam_within=0.25: total utility 4,627.5, 6,513/6,766 requests served (96.3%), mean utilisation 0.476
14:21:20 | INFO    | ltf                | C: lam_within=0.25: total utility 3,395.6, 6,079/6,235 requests served (97.5%), mean utilisation 0.441
14:21:20 | INFO    | ltf                |   episode 10/30: eps=0.71, train utility 8023.1, |V|>0 on 27759/104400 states
14:21:20 | INFO    | ltf                | C: lam_within=0.25: total utility 4,590.2, 6,493/6,766 requests served (96.0%), mean utilisation 0.475
14:21:21 | INFO    | ltf                | C: lam_within=0.25: total utility 3,571.8, 6,069/6,235 requests served (97.3%), mean utilisation 0.439
14:21:22 | INFO    | ltf                | C: lam_within=0.25: total utility 4,724.4, 6,501/6,766 requests served (96.1%), mean utilisation 0.476
14:21:23 | INFO    | ltf                | C: lam_within=0.25: total utility 3,916.8, 6,085/6,235 requests served (97.6%), mean utilisation 0.436
14:21:24 | INFO    | ltf                | C: lam_within=0.25: total utility 5,158.1, 6,518/6,766 requests served (96.3%), mean utilisation 0.471
14:21:24 | INFO    | ltf                | C: lam_within=0.25: total utility 4,080.7, 6,087/6,235 requests served (97.6%), mean utilisation 0.433
14:21:25 | INFO    | ltf                | C: lam_within=0.25: total utility 5,380.5, 6,520/6,766 requests served (96.4%), mean utilisation 0.470
14:21:26 | INFO    | ltf                | C: lam_within=0.25: total utility 4,235.8, 6,059/6,235 requests served (97.2%), mean utilisation 0.430
14:21:27 | INFO    | ltf                | C: lam_within=0.25: total utility 5,614.7, 6,516/6,766 requests served (96.3%), mean utilisation 0.468
14:21:28 | INFO    | ltf                | C: lam_within=0.25: total utility 4,500.4, 6,083/6,235 requests served (97.6%), mean utilisation 0.429
14:21:29 | INFO    | ltf                | C: lam_within=0.25: total utility 5,565.7, 6,493/6,766 requests served (96.0%), mean utilisation 0.465
14:21:30 | INFO    | ltf                | C: lam_within=0.25: total utility 4,571.4, 6,077/6,235 requests served (97.5%), mean utilisation 0.427
14:21:30 | INFO    | ltf                | C: lam_within=0.25: total utility 5,858.5, 6,503/6,766 requests served (96.1%), mean utilisation 0.463
14:21:31 | INFO    | ltf                | C: lam_within=0.25: total utility 4,672.6, 6,072/6,235 requests served (97.4%), mean utilisation 0.427
14:21:32 | INFO    | ltf                | C: lam_within=0.25: total utility 6,111.6, 6,522/6,766 requests served (96.4%), mean utilisation 0.461
14:21:33 | INFO    | ltf                | C: lam_within=0.25: total utility 4,977.5, 6,081/6,235 requests served (97.5%), mean utilisation 0.424
14:21:34 | INFO    | ltf                | C: lam_within=0.25: total utility 6,142.8, 6,540/6,766 requests served (96.7%), mean utilisation 0.463
14:21:35 | INFO    | ltf                | C: lam_within=0.25: total utility 4,956.3, 6,074/6,235 requests served (97.4%), mean utilisation 0.425
14:21:35 | INFO    | ltf                | C: lam_within=0.25: total utility 6,404.7, 6,509/6,766 requests served (96.2%), mean utilisation 0.457
14:21:36 | INFO    | ltf                | C: lam_within=0.25: total utility 5,180.8, 6,083/6,235 requests served (97.6%), mean utilisation 0.422
14:21:36 | INFO    | ltf                |   episode 20/30: eps=0.50, train utility 11585.5, |V|>0 on 34878/104400 states
14:21:37 | INFO    | ltf                | C: lam_within=0.25: total utility 6,739.9, 6,517/6,766 requests served (96.3%), mean utilisation 0.455
14:21:38 | INFO    | ltf                | C: lam_within=0.25: total utility 5,444.3, 6,094/6,235 requests served (97.7%), mean utilisation 0.420
14:21:39 | INFO    | ltf                | C: lam_within=0.25: total utility 6,653.2, 6,533/6,766 requests served (96.6%), mean utilisation 0.456
14:21:39 | INFO    | ltf                | C: lam_within=0.25: total utility 5,559.6, 6,083/6,235 requests served (97.6%), mean utilisation 0.418
14:21:40 | INFO    | ltf                | C: lam_within=0.25: total utility 7,085.7, 6,509/6,766 requests served (96.2%), mean utilisation 0.451
14:21:41 | INFO    | ltf                | C: lam_within=0.25: total utility 5,828.1, 6,095/6,235 requests served (97.8%), mean utilisation 0.417
14:21:42 | INFO    | ltf                | C: lam_within=0.25: total utility 7,204.4, 6,529/6,766 requests served (96.5%), mean utilisation 0.451
14:21:43 | INFO    | ltf                | C: lam_within=0.25: total utility 6,010.7, 6,109/6,235 requests served (98.0%), mean utilisation 0.415
14:21:43 | INFO    | ltf                | C: lam_within=0.25: total utility 7,277.4, 6,498/6,766 requests served (96.0%), mean utilisation 0.448
14:21:44 | INFO    | ltf                | C: lam_within=0.25: total utility 6,082.4, 6,106/6,235 requests served (97.9%), mean utilisation 0.414
14:21:45 | INFO    | ltf                | C: lam_within=0.25: total utility 7,428.3, 6,534/6,766 requests served (96.6%), mean utilisation 0.449
14:21:46 | INFO    | ltf                | C: lam_within=0.25: total utility 6,265.0, 6,092/6,235 requests served (97.7%), mean utilisation 0.412
14:21:47 | INFO    | ltf                | C: lam_within=0.25: total utility 7,499.4, 6,512/6,766 requests served (96.2%), mean utilisation 0.446
14:21:48 | INFO    | ltf                | C: lam_within=0.25: total utility 6,272.7, 6,078/6,235 requests served (97.5%), mean utilisation 0.410
14:21:48 | INFO    | ltf                | C: lam_within=0.25: total utility 7,746.5, 6,514/6,766 requests served (96.3%), mean utilisation 0.443
14:21:49 | INFO    | ltf                | C: lam_within=0.25: total utility 6,566.0, 6,101/6,235 requests served (97.9%), mean utilisation 0.409
14:21:50 | INFO    | ltf                | C: lam_within=0.25: total utility 8,187.0, 6,526/6,766 requests served (96.5%), mean utilisation 0.439
14:21:51 | INFO    | ltf                | C: lam_within=0.25: total utility 6,565.0, 6,079/6,235 requests served (97.5%), mean utilisation 0.406
14:21:52 | INFO    | ltf                | C: lam_within=0.25: total utility 8,086.0, 6,513/6,766 requests served (96.3%), mean utilisation 0.440
14:21:52 | INFO    | ltf                | C: lam_within=0.25: total utility 6,982.4, 6,093/6,235 requests served (97.7%), mean utilisation 0.403
14:21:52 | INFO    | ltf                |   episode 30/30: eps=0.28, train utility 15068.4, |V|>0 on 38816/104400 states
14:21:52 | INFO    | ltf                | training C: lam_within=0.25 (30 episodes over 2 scenario(s)) done in 49.1s
14:21:53 | INFO    | ltf                | C: lam_within=0.25: total utility 11,168.0, 4,739/6,492 requests served (73.0%), mean utilisation 0.315
14:21:53 | INFO    | ltf                | training C: lam_within=0.5 (30 episodes over 2 scenario(s)) ...
14:21:54 | INFO    | ltf                | C: lam_within=0.5: total utility 2,804.2, 6,514/6,766 requests served (96.3%), mean utilisation 0.496
14:21:55 | INFO    | ltf                | C: lam_within=0.5: total utility 1,886.8, 6,084/6,235 requests served (97.6%), mean utilisation 0.456
14:21:56 | INFO    | ltf                | C: lam_within=0.5: total utility 2,742.8, 6,491/6,766 requests served (95.9%), mean utilisation 0.495
14:21:56 | INFO    | ltf                | C: lam_within=0.5: total utility 2,152.6, 6,073/6,235 requests served (97.4%), mean utilisation 0.454
14:21:57 | INFO    | ltf                | C: lam_within=0.5: total utility 3,187.4, 6,514/6,766 requests served (96.3%), mean utilisation 0.492
14:21:58 | INFO    | ltf                | C: lam_within=0.5: total utility 2,345.9, 6,046/6,235 requests served (97.0%), mean utilisation 0.450
14:21:59 | INFO    | ltf                | C: lam_within=0.5: total utility 3,208.8, 6,519/6,766 requests served (96.3%), mean utilisation 0.491
14:22:00 | INFO    | ltf                | C: lam_within=0.5: total utility 2,303.4, 6,064/6,235 requests served (97.3%), mean utilisation 0.451
14:22:01 | INFO    | ltf                | C: lam_within=0.5: total utility 3,494.2, 6,516/6,766 requests served (96.3%), mean utilisation 0.489
14:22:01 | INFO    | ltf                | C: lam_within=0.5: total utility 2,549.2, 6,072/6,235 requests served (97.4%), mean utilisation 0.449
14:22:02 | INFO    | ltf                | C: lam_within=0.5: total utility 3,563.4, 6,501/6,766 requests served (96.1%), mean utilisation 0.486
14:22:03 | INFO    | ltf                | C: lam_within=0.5: total utility 2,840.1, 6,078/6,235 requests served (97.5%), mean utilisation 0.446
14:22:05 | INFO    | ltf                | C: lam_within=0.5: total utility 4,007.9, 6,507/6,766 requests served (96.2%), mean utilisation 0.482
14:22:06 | INFO    | ltf                | C: lam_within=0.5: total utility 2,970.4, 6,084/6,235 requests served (97.6%), mean utilisation 0.445
14:22:07 | INFO    | ltf                | C: lam_within=0.5: total utility 4,054.0, 6,500/6,766 requests served (96.1%), mean utilisation 0.482
14:22:08 | INFO    | ltf                | C: lam_within=0.5: total utility 2,990.7, 6,061/6,235 requests served (97.2%), mean utilisation 0.443
14:22:08 | INFO    | ltf                | C: lam_within=0.5: total utility 4,420.1, 6,507/6,766 requests served (96.2%), mean utilisation 0.478
14:22:09 | INFO    | ltf                | C: lam_within=0.5: total utility 3,292.3, 6,064/6,235 requests served (97.3%), mean utilisation 0.442
14:22:10 | INFO    | ltf                | C: lam_within=0.5: total utility 4,223.8, 6,501/6,766 requests served (96.1%), mean utilisation 0.481
14:22:11 | INFO    | ltf                | C: lam_within=0.5: total utility 3,477.0, 6,077/6,235 requests served (97.5%), mean utilisation 0.440
14:22:11 | INFO    | ltf                |   episode 10/30: eps=0.71, train utility 7700.8, |V|>0 on 27756/104400 states
14:22:12 | INFO    | ltf                | C: lam_within=0.5: total utility 4,615.5, 6,514/6,766 requests served (96.3%), mean utilisation 0.477
14:22:12 | INFO    | ltf                | C: lam_within=0.5: total utility 3,615.3, 6,075/6,235 requests served (97.4%), mean utilisation 0.439
14:22:13 | INFO    | ltf                | C: lam_within=0.5: total utility 5,034.8, 6,504/6,766 requests served (96.1%), mean utilisation 0.473
14:22:14 | INFO    | ltf                | C: lam_within=0.5: total utility 3,774.6, 6,072/6,235 requests served (97.4%), mean utilisation 0.437
14:22:15 | INFO    | ltf                | C: lam_within=0.5: total utility 5,155.1, 6,514/6,766 requests served (96.3%), mean utilisation 0.471
14:22:16 | INFO    | ltf                | C: lam_within=0.5: total utility 3,963.9, 6,073/6,235 requests served (97.4%), mean utilisation 0.435
14:22:16 | INFO    | ltf                | C: lam_within=0.5: total utility 5,345.1, 6,528/6,766 requests served (96.5%), mean utilisation 0.471
14:22:17 | INFO    | ltf                | C: lam_within=0.5: total utility 4,148.6, 6,087/6,235 requests served (97.6%), mean utilisation 0.434
14:22:18 | INFO    | ltf                | C: lam_within=0.5: total utility 5,403.9, 6,500/6,766 requests served (96.1%), mean utilisation 0.467
14:22:19 | INFO    | ltf                | C: lam_within=0.5: total utility 4,296.7, 6,069/6,235 requests served (97.3%), mean utilisation 0.430
14:22:20 | INFO    | ltf                | C: lam_within=0.5: total utility 5,481.1, 6,501/6,766 requests served (96.1%), mean utilisation 0.467
14:22:20 | INFO    | ltf                | C: lam_within=0.5: total utility 4,631.0, 6,075/6,235 requests served (97.4%), mean utilisation 0.428
14:22:21 | INFO    | ltf                | C: lam_within=0.5: total utility 5,662.9, 6,522/6,766 requests served (96.4%), mean utilisation 0.466
14:22:22 | INFO    | ltf                | C: lam_within=0.5: total utility 4,609.4, 6,080/6,235 requests served (97.5%), mean utilisation 0.429
14:22:23 | INFO    | ltf                | C: lam_within=0.5: total utility 5,907.3, 6,516/6,766 requests served (96.3%), mean utilisation 0.463
14:22:24 | INFO    | ltf                | C: lam_within=0.5: total utility 4,869.3, 6,076/6,235 requests served (97.4%), mean utilisation 0.424
14:22:25 | INFO    | ltf                | C: lam_within=0.5: total utility 6,165.6, 6,500/6,766 requests served (96.1%), mean utilisation 0.459
14:22:25 | INFO    | ltf                | C: lam_within=0.5: total utility 4,972.7, 6,068/6,235 requests served (97.3%), mean utilisation 0.422
14:22:26 | INFO    | ltf                | C: lam_within=0.5: total utility 6,380.2, 6,533/6,766 requests served (96.6%), mean utilisation 0.460
14:22:27 | INFO    | ltf                | C: lam_within=0.5: total utility 5,148.4, 6,091/6,235 requests served (97.7%), mean utilisation 0.422
14:22:27 | INFO    | ltf                |   episode 20/30: eps=0.50, train utility 11528.6, |V|>0 on 34853/104400 states
14:22:28 | INFO    | ltf                | C: lam_within=0.5: total utility 6,365.3, 6,496/6,766 requests served (96.0%), mean utilisation 0.458
14:22:29 | INFO    | ltf                | C: lam_within=0.5: total utility 5,267.1, 6,071/6,235 requests served (97.4%), mean utilisation 0.420
14:22:30 | INFO    | ltf                | C: lam_within=0.5: total utility 6,570.7, 6,512/6,766 requests served (96.2%), mean utilisation 0.456
14:22:31 | INFO    | ltf                | C: lam_within=0.5: total utility 5,560.7, 6,094/6,235 requests served (97.7%), mean utilisation 0.419
14:22:32 | INFO    | ltf                | C: lam_within=0.5: total utility 6,941.6, 6,515/6,766 requests served (96.3%), mean utilisation 0.452
14:22:32 | INFO    | ltf                | C: lam_within=0.5: total utility 5,772.6, 6,088/6,235 requests served (97.6%), mean utilisation 0.417
14:22:33 | INFO    | ltf                | C: lam_within=0.5: total utility 6,927.2, 6,524/6,766 requests served (96.4%), mean utilisation 0.453
14:22:34 | INFO    | ltf                | C: lam_within=0.5: total utility 5,997.2, 6,098/6,235 requests served (97.8%), mean utilisation 0.414
14:22:35 | INFO    | ltf                | C: lam_within=0.5: total utility 7,107.6, 6,509/6,766 requests served (96.2%), mean utilisation 0.450
14:22:36 | INFO    | ltf                | C: lam_within=0.5: total utility 6,036.6, 6,078/6,235 requests served (97.5%), mean utilisation 0.413
14:22:37 | INFO    | ltf                | C: lam_within=0.5: total utility 7,338.3, 6,525/6,766 requests served (96.4%), mean utilisation 0.449
14:22:37 | INFO    | ltf                | C: lam_within=0.5: total utility 6,206.6, 6,092/6,235 requests served (97.7%), mean utilisation 0.412
14:22:38 | INFO    | ltf                | C: lam_within=0.5: total utility 7,471.0, 6,521/6,766 requests served (96.4%), mean utilisation 0.448
14:22:39 | INFO    | ltf                | C: lam_within=0.5: total utility 6,280.1, 6,082/6,235 requests served (97.5%), mean utilisation 0.410
14:22:40 | INFO    | ltf                | C: lam_within=0.5: total utility 7,675.2, 6,513/6,766 requests served (96.3%), mean utilisation 0.445
14:22:41 | INFO    | ltf                | C: lam_within=0.5: total utility 6,674.6, 6,076/6,235 requests served (97.4%), mean utilisation 0.405
14:22:41 | INFO    | ltf                | C: lam_within=0.5: total utility 8,090.1, 6,527/6,766 requests served (96.5%), mean utilisation 0.442
14:22:42 | INFO    | ltf                | C: lam_within=0.5: total utility 6,752.3, 6,097/6,235 requests served (97.8%), mean utilisation 0.406
14:22:43 | INFO    | ltf                | C: lam_within=0.5: total utility 8,004.2, 6,521/6,766 requests served (96.4%), mean utilisation 0.442
14:22:44 | INFO    | ltf                | C: lam_within=0.5: total utility 6,924.2, 6,086/6,235 requests served (97.6%), mean utilisation 0.403
14:22:44 | INFO    | ltf                |   episode 30/30: eps=0.28, train utility 14928.4, |V|>0 on 38938/104400 states
14:22:44 | INFO    | ltf                | training C: lam_within=0.5 (30 episodes over 2 scenario(s)) done in 50.8s
14:22:45 | INFO    | ltf                | C: lam_within=0.5: total utility 11,184.2, 4,803/6,492 requests served (74.0%), mean utilisation 0.317
14:22:45 | INFO    | ltf                | training C: lam_within=2.0 (30 episodes over 2 scenario(s)) ...
14:22:45 | INFO    | ltf                | C: lam_within=2.0: total utility 2,814.8, 6,522/6,766 requests served (96.4%), mean utilisation 0.495
14:22:46 | INFO    | ltf                | C: lam_within=2.0: total utility 1,721.5, 6,073/6,235 requests served (97.4%), mean utilisation 0.458
14:22:47 | INFO    | ltf                | C: lam_within=2.0: total utility 2,784.1, 6,507/6,766 requests served (96.2%), mean utilisation 0.496
14:22:48 | INFO    | ltf                | C: lam_within=2.0: total utility 1,746.1, 6,065/6,235 requests served (97.3%), mean utilisation 0.457
14:22:49 | INFO    | ltf                | C: lam_within=2.0: total utility 2,895.1, 6,501/6,766 requests served (96.1%), mean utilisation 0.493
14:22:49 | INFO    | ltf                | C: lam_within=2.0: total utility 2,052.4, 6,080/6,235 requests served (97.5%), mean utilisation 0.455
14:22:50 | INFO    | ltf                | C: lam_within=2.0: total utility 3,033.2, 6,515/6,766 requests served (96.3%), mean utilisation 0.493
14:22:51 | INFO    | ltf                | C: lam_within=2.0: total utility 2,162.4, 6,072/6,235 requests served (97.4%), mean utilisation 0.454
14:22:52 | INFO    | ltf                | C: lam_within=2.0: total utility 3,457.1, 6,517/6,766 requests served (96.3%), mean utilisation 0.489
14:22:53 | INFO    | ltf                | C: lam_within=2.0: total utility 2,457.4, 6,081/6,235 requests served (97.5%), mean utilisation 0.450
14:22:54 | INFO    | ltf                | C: lam_within=2.0: total utility 3,486.5, 6,513/6,766 requests served (96.3%), mean utilisation 0.488
14:22:54 | INFO    | ltf                | C: lam_within=2.0: total utility 2,465.3, 6,060/6,235 requests served (97.2%), mean utilisation 0.449
14:22:55 | INFO    | ltf                | C: lam_within=2.0: total utility 3,747.1, 6,505/6,766 requests served (96.1%), mean utilisation 0.486
14:22:56 | INFO    | ltf                | C: lam_within=2.0: total utility 2,696.1, 6,065/6,235 requests served (97.3%), mean utilisation 0.447
14:22:57 | INFO    | ltf                | C: lam_within=2.0: total utility 3,713.7, 6,514/6,766 requests served (96.3%), mean utilisation 0.485
14:22:58 | INFO    | ltf                | C: lam_within=2.0: total utility 2,946.2, 6,089/6,235 requests served (97.7%), mean utilisation 0.446
14:22:58 | INFO    | ltf                | C: lam_within=2.0: total utility 3,990.0, 6,493/6,766 requests served (96.0%), mean utilisation 0.481
14:22:59 | INFO    | ltf                | C: lam_within=2.0: total utility 3,181.3, 6,077/6,235 requests served (97.5%), mean utilisation 0.443
14:23:00 | INFO    | ltf                | C: lam_within=2.0: total utility 4,204.2, 6,508/6,766 requests served (96.2%), mean utilisation 0.481
14:23:01 | INFO    | ltf                | C: lam_within=2.0: total utility 3,306.9, 6,060/6,235 requests served (97.2%), mean utilisation 0.440
14:23:01 | INFO    | ltf                |   episode 10/30: eps=0.71, train utility 7511.1, |V|>0 on 27672/104400 states
14:23:02 | INFO    | ltf                | C: lam_within=2.0: total utility 4,293.3, 6,509/6,766 requests served (96.2%), mean utilisation 0.479
14:23:03 | INFO    | ltf                | C: lam_within=2.0: total utility 3,357.1, 6,071/6,235 requests served (97.4%), mean utilisation 0.441
14:23:04 | INFO    | ltf                | C: lam_within=2.0: total utility 4,547.7, 6,517/6,766 requests served (96.3%), mean utilisation 0.478
14:23:05 | INFO    | ltf                | C: lam_within=2.0: total utility 3,437.5, 6,068/6,235 requests served (97.3%), mean utilisation 0.440
14:23:06 | INFO    | ltf                | C: lam_within=2.0: total utility 4,670.7, 6,493/6,766 requests served (96.0%), mean utilisation 0.474
14:23:07 | INFO    | ltf                | C: lam_within=2.0: total utility 3,826.5, 6,073/6,235 requests served (97.4%), mean utilisation 0.436
14:23:08 | INFO    | ltf                | C: lam_within=2.0: total utility 4,852.1, 6,515/6,766 requests served (96.3%), mean utilisation 0.474
14:23:09 | INFO    | ltf                | C: lam_within=2.0: total utility 3,869.2, 6,085/6,235 requests served (97.6%), mean utilisation 0.435
14:23:10 | INFO    | ltf                | C: lam_within=2.0: total utility 5,072.2, 6,491/6,766 requests served (95.9%), mean utilisation 0.470
14:23:11 | INFO    | ltf                | C: lam_within=2.0: total utility 4,224.4, 6,066/6,235 requests served (97.3%), mean utilisation 0.431
14:23:14 | INFO    | ltf                | C: lam_within=2.0: total utility 5,056.7, 6,502/6,766 requests served (96.1%), mean utilisation 0.471
14:23:17 | INFO    | ltf                | C: lam_within=2.0: total utility 4,379.8, 6,094/6,235 requests served (97.7%), mean utilisation 0.431
14:23:19 | INFO    | ltf                | C: lam_within=2.0: total utility 5,550.8, 6,498/6,766 requests served (96.0%), mean utilisation 0.466
14:23:22 | INFO    | ltf                | C: lam_within=2.0: total utility 4,382.5, 6,060/6,235 requests served (97.2%), mean utilisation 0.429
14:23:25 | INFO    | ltf                | C: lam_within=2.0: total utility 5,453.7, 6,506/6,766 requests served (96.2%), mean utilisation 0.467
14:23:27 | INFO    | ltf                | C: lam_within=2.0: total utility 4,560.1, 6,077/6,235 requests served (97.5%), mean utilisation 0.428
14:23:30 | INFO    | ltf                | C: lam_within=2.0: total utility 5,836.3, 6,512/6,766 requests served (96.2%), mean utilisation 0.463
14:23:31 | INFO    | ltf                | C: lam_within=2.0: total utility 4,752.3, 6,076/6,235 requests served (97.4%), mean utilisation 0.427
14:23:32 | INFO    | ltf                | C: lam_within=2.0: total utility 6,204.2, 6,532/6,766 requests served (96.5%), mean utilisation 0.462
14:23:33 | INFO    | ltf                | C: lam_within=2.0: total utility 4,993.7, 6,071/6,235 requests served (97.4%), mean utilisation 0.424
14:23:33 | INFO    | ltf                |   episode 20/30: eps=0.50, train utility 11197.9, |V|>0 on 34668/104400 states
14:23:34 | INFO    | ltf                | C: lam_within=2.0: total utility 6,178.6, 6,506/6,766 requests served (96.2%), mean utilisation 0.461
14:23:34 | INFO    | ltf                | C: lam_within=2.0: total utility 5,134.3, 6,087/6,235 requests served (97.6%), mean utilisation 0.423
14:23:35 | INFO    | ltf                | C: lam_within=2.0: total utility 6,315.0, 6,545/6,766 requests served (96.7%), mean utilisation 0.460
14:23:36 | INFO    | ltf                | C: lam_within=2.0: total utility 5,237.7, 6,086/6,235 requests served (97.6%), mean utilisation 0.421
14:23:37 | INFO    | ltf                | C: lam_within=2.0: total utility 6,518.7, 6,531/6,766 requests served (96.5%), mean utilisation 0.458
14:23:38 | INFO    | ltf                | C: lam_within=2.0: total utility 5,584.1, 6,083/6,235 requests served (97.6%), mean utilisation 0.418
14:23:39 | INFO    | ltf                | C: lam_within=2.0: total utility 6,733.5, 6,520/6,766 requests served (96.4%), mean utilisation 0.455
14:23:39 | INFO    | ltf                | C: lam_within=2.0: total utility 5,551.7, 6,075/6,235 requests served (97.4%), mean utilisation 0.417
14:23:40 | INFO    | ltf                | C: lam_within=2.0: total utility 6,881.7, 6,516/6,766 requests served (96.3%), mean utilisation 0.453
14:23:41 | INFO    | ltf                | C: lam_within=2.0: total utility 5,817.7, 6,076/6,235 requests served (97.4%), mean utilisation 0.414
14:23:42 | INFO    | ltf                | C: lam_within=2.0: total utility 7,098.6, 6,525/6,766 requests served (96.4%), mean utilisation 0.451
14:23:43 | INFO    | ltf                | C: lam_within=2.0: total utility 6,010.8, 6,089/6,235 requests served (97.7%), mean utilisation 0.414
14:23:44 | INFO    | ltf                | C: lam_within=2.0: total utility 7,271.3, 6,513/6,766 requests served (96.3%), mean utilisation 0.448
14:23:44 | INFO    | ltf                | C: lam_within=2.0: total utility 5,959.9, 6,080/6,235 requests served (97.5%), mean utilisation 0.413
14:23:45 | INFO    | ltf                | C: lam_within=2.0: total utility 7,246.2, 6,507/6,766 requests served (96.2%), mean utilisation 0.447
14:23:46 | INFO    | ltf                | C: lam_within=2.0: total utility 6,306.4, 6,097/6,235 requests served (97.8%), mean utilisation 0.411
14:23:47 | INFO    | ltf                | C: lam_within=2.0: total utility 7,536.5, 6,527/6,766 requests served (96.5%), mean utilisation 0.447
14:23:48 | INFO    | ltf                | C: lam_within=2.0: total utility 6,357.1, 6,086/6,235 requests served (97.6%), mean utilisation 0.410
14:23:49 | INFO    | ltf                | C: lam_within=2.0: total utility 7,743.6, 6,528/6,766 requests served (96.5%), mean utilisation 0.444
14:23:49 | INFO    | ltf                | C: lam_within=2.0: total utility 6,575.8, 6,082/6,235 requests served (97.5%), mean utilisation 0.406
14:23:49 | INFO    | ltf                |   episode 30/30: eps=0.28, train utility 14319.4, |V|>0 on 38746/104400 states
14:23:49 | INFO    | ltf                | training C: lam_within=2.0 (30 episodes over 2 scenario(s)) done in 64.8s
14:23:50 | INFO    | ltf                | C: lam_within=2.0: total utility 10,577.8, 4,920/6,492 requests served (75.8%), mean utilisation 0.328

====================================================================================================
STAGE C  lambda_within at lambda_between=16.0, lambda_util=0.05
====================================================================================================
 lambda_within  lambda_between  lambda_util  total_utility  fairness_total_var  rate_var  rate_var_within  rate_var_between  rate_full_time  rate_part_time  rate_group_ratio  parity_error  util_mean  util_var  util_adj_var  n_idle_drivers  service_rate
          0.10            16.0         0.05   11211.392403         1668.201084  0.788359         0.788239          0.000120        2.126179        2.103623          0.989391      0.010609   0.315569  0.011460      0.198079               3      0.716266
          0.25            16.0         0.05   11168.015808         1647.295349  0.693501         0.693053          0.000448        2.136391        2.092791          0.979592      0.020408   0.323287  0.010538      0.180794               1      0.729975
          0.50            16.0         0.05   11184.210487         1640.906303  0.497266         0.497107          0.000159        2.125149        2.099193          0.987786      0.012214   0.328451  0.010941      0.173581               2      0.739834
          1.00            16.0         0.05   10863.975872         1484.911792  0.371868         0.370914          0.000954        2.075522        2.011894          0.969344      0.030656   0.335900  0.011556      0.170476               2      0.746457
          2.00            16.0         0.05   10577.837239         1440.399755  0.262753         0.258728          0.004025        2.040790        1.910088          0.935955      0.064045   0.338009  0.011377      0.155790               0      0.757856

  best parity so far: lambda_within=0.1, ratio 0.989, error 0.011
14:23:50 | INFO    | ltf                | training D: w=0.1,b=8.0,u=0.05 (30 episodes over 2 scenario(s)) ...
14:23:51 | INFO    | ltf                | D: w=0.1,b=8.0,u=0.05: total utility 2,865.2, 6,495/6,766 requests served (96.0%), mean utilisation 0.493
14:23:52 | INFO    | ltf                | D: w=0.1,b=8.0,u=0.05: total utility 2,099.2, 6,056/6,235 requests served (97.1%), mean utilisation 0.453
14:23:53 | INFO    | ltf                | D: w=0.1,b=8.0,u=0.05: total utility 2,985.0, 6,516/6,766 requests served (96.3%), mean utilisation 0.493
14:23:54 | INFO    | ltf                | D: w=0.1,b=8.0,u=0.05: total utility 2,062.5, 6,073/6,235 requests served (97.4%), mean utilisation 0.454
14:23:54 | INFO    | ltf                | D: w=0.1,b=8.0,u=0.05: total utility 3,212.5, 6,496/6,766 requests served (96.0%), mean utilisation 0.490
14:23:55 | INFO    | ltf                | D: w=0.1,b=8.0,u=0.05: total utility 2,242.4, 6,084/6,235 requests served (97.6%), mean utilisation 0.453
14:23:56 | INFO    | ltf                | D: w=0.1,b=8.0,u=0.05: total utility 3,242.8, 6,510/6,766 requests served (96.2%), mean utilisation 0.489
14:23:57 | INFO    | ltf                | D: w=0.1,b=8.0,u=0.05: total utility 2,505.5, 6,071/6,235 requests served (97.4%), mean utilisation 0.449
14:23:58 | INFO    | ltf                | D: w=0.1,b=8.0,u=0.05: total utility 3,525.5, 6,507/6,766 requests served (96.2%), mean utilisation 0.486
14:23:58 | INFO    | ltf                | D: w=0.1,b=8.0,u=0.05: total utility 2,993.4, 6,083/6,235 requests served (97.6%), mean utilisation 0.446
14:23:59 | INFO    | ltf                | D: w=0.1,b=8.0,u=0.05: total utility 3,530.5, 6,511/6,766 requests served (96.2%), mean utilisation 0.487
14:24:00 | INFO    | ltf                | D: w=0.1,b=8.0,u=0.05: total utility 2,719.5, 6,086/6,235 requests served (97.6%), mean utilisation 0.447
14:24:01 | INFO    | ltf                | D: w=0.1,b=8.0,u=0.05: total utility 4,094.1, 6,517/6,766 requests served (96.3%), mean utilisation 0.481
14:24:02 | INFO    | ltf                | D: w=0.1,b=8.0,u=0.05: total utility 2,866.7, 6,075/6,235 requests served (97.4%), mean utilisation 0.446
14:24:02 | INFO    | ltf                | D: w=0.1,b=8.0,u=0.05: total utility 4,180.9, 6,479/6,766 requests served (95.8%), mean utilisation 0.478
14:24:03 | INFO    | ltf                | D: w=0.1,b=8.0,u=0.05: total utility 3,170.4, 6,069/6,235 requests served (97.3%), mean utilisation 0.442
14:24:05 | INFO    | ltf                | D: w=0.1,b=8.0,u=0.05: total utility 4,318.9, 6,527/6,766 requests served (96.5%), mean utilisation 0.480
14:24:06 | INFO    | ltf                | D: w=0.1,b=8.0,u=0.05: total utility 3,367.2, 6,058/6,235 requests served (97.2%), mean utilisation 0.439
14:24:07 | INFO    | ltf                | D: w=0.1,b=8.0,u=0.05: total utility 4,355.2, 6,508/6,766 requests served (96.2%), mean utilisation 0.479
14:24:08 | INFO    | ltf                | D: w=0.1,b=8.0,u=0.05: total utility 3,367.2, 6,047/6,235 requests served (97.0%), mean utilisation 0.439
14:24:08 | INFO    | ltf                |   episode 10/30: eps=0.71, train utility 7722.4, |V|>0 on 27806/104400 states
14:24:09 | INFO    | ltf                | D: w=0.1,b=8.0,u=0.05: total utility 4,682.4, 6,502/6,766 requests served (96.1%), mean utilisation 0.476
14:24:09 | INFO    | ltf                | D: w=0.1,b=8.0,u=0.05: total utility 3,741.0, 6,066/6,235 requests served (97.3%), mean utilisation 0.436
14:24:10 | INFO    | ltf                | D: w=0.1,b=8.0,u=0.05: total utility 4,783.8, 6,496/6,766 requests served (96.0%), mean utilisation 0.475
14:24:11 | INFO    | ltf                | D: w=0.1,b=8.0,u=0.05: total utility 3,861.5, 6,083/6,235 requests served (97.6%), mean utilisation 0.437
14:24:12 | INFO    | ltf                | D: w=0.1,b=8.0,u=0.05: total utility 5,022.5, 6,480/6,766 requests served (95.8%), mean utilisation 0.470
14:24:13 | INFO    | ltf                | D: w=0.1,b=8.0,u=0.05: total utility 4,048.7, 6,077/6,235 requests served (97.5%), mean utilisation 0.434
14:24:13 | INFO    | ltf                | D: w=0.1,b=8.0,u=0.05: total utility 5,352.6, 6,510/6,766 requests served (96.2%), mean utilisation 0.469
14:24:14 | INFO    | ltf                | D: w=0.1,b=8.0,u=0.05: total utility 4,344.1, 6,072/6,235 requests served (97.4%), mean utilisation 0.431
14:24:15 | INFO    | ltf                | D: w=0.1,b=8.0,u=0.05: total utility 5,379.2, 6,519/6,766 requests served (96.3%), mean utilisation 0.469
14:24:16 | INFO    | ltf                | D: w=0.1,b=8.0,u=0.05: total utility 4,358.0, 6,087/6,235 requests served (97.6%), mean utilisation 0.432
14:24:17 | INFO    | ltf                | D: w=0.1,b=8.0,u=0.05: total utility 5,800.4, 6,522/6,766 requests served (96.4%), mean utilisation 0.465
14:24:17 | INFO    | ltf                | D: w=0.1,b=8.0,u=0.05: total utility 4,470.4, 6,077/6,235 requests served (97.5%), mean utilisation 0.430
14:24:18 | INFO    | ltf                | D: w=0.1,b=8.0,u=0.05: total utility 5,728.8, 6,510/6,766 requests served (96.2%), mean utilisation 0.463
14:24:19 | INFO    | ltf                | D: w=0.1,b=8.0,u=0.05: total utility 4,766.6, 6,086/6,235 requests served (97.6%), mean utilisation 0.427
14:24:20 | INFO    | ltf                | D: w=0.1,b=8.0,u=0.05: total utility 5,993.3, 6,520/6,766 requests served (96.4%), mean utilisation 0.463
14:24:21 | INFO    | ltf                | D: w=0.1,b=8.0,u=0.05: total utility 5,036.2, 6,088/6,235 requests served (97.6%), mean utilisation 0.424
14:24:21 | INFO    | ltf                | D: w=0.1,b=8.0,u=0.05: total utility 6,301.3, 6,494/6,766 requests served (96.0%), mean utilisation 0.458
14:24:22 | INFO    | ltf                | D: w=0.1,b=8.0,u=0.05: total utility 5,011.9, 6,078/6,235 requests served (97.5%), mean utilisation 0.423
14:24:23 | INFO    | ltf                | D: w=0.1,b=8.0,u=0.05: total utility 6,399.0, 6,510/6,766 requests served (96.2%), mean utilisation 0.459
14:24:24 | INFO    | ltf                | D: w=0.1,b=8.0,u=0.05: total utility 5,297.7, 6,072/6,235 requests served (97.4%), mean utilisation 0.420
14:24:24 | INFO    | ltf                |   episode 20/30: eps=0.50, train utility 11696.7, |V|>0 on 34745/104400 states
14:24:24 | INFO    | ltf                | D: w=0.1,b=8.0,u=0.05: total utility 6,717.3, 6,540/6,766 requests served (96.7%), mean utilisation 0.457
14:24:25 | INFO    | ltf                | D: w=0.1,b=8.0,u=0.05: total utility 5,346.3, 6,085/6,235 requests served (97.6%), mean utilisation 0.420
14:24:26 | INFO    | ltf                | D: w=0.1,b=8.0,u=0.05: total utility 6,893.4, 6,535/6,766 requests served (96.6%), mean utilisation 0.455
14:24:27 | INFO    | ltf                | D: w=0.1,b=8.0,u=0.05: total utility 5,662.1, 6,087/6,235 requests served (97.6%), mean utilisation 0.417
14:24:28 | INFO    | ltf                | D: w=0.1,b=8.0,u=0.05: total utility 7,057.9, 6,545/6,766 requests served (96.7%), mean utilisation 0.453
14:24:28 | INFO    | ltf                | D: w=0.1,b=8.0,u=0.05: total utility 5,791.5, 6,101/6,235 requests served (97.9%), mean utilisation 0.417
14:24:29 | INFO    | ltf                | D: w=0.1,b=8.0,u=0.05: total utility 7,217.1, 6,506/6,766 requests served (96.2%), mean utilisation 0.449
14:24:30 | INFO    | ltf                | D: w=0.1,b=8.0,u=0.05: total utility 5,953.5, 6,103/6,235 requests served (97.9%), mean utilisation 0.415
14:24:31 | INFO    | ltf                | D: w=0.1,b=8.0,u=0.05: total utility 7,256.9, 6,531/6,766 requests served (96.5%), mean utilisation 0.451
14:24:32 | INFO    | ltf                | D: w=0.1,b=8.0,u=0.05: total utility 6,143.6, 6,069/6,235 requests served (97.3%), mean utilisation 0.411
14:24:32 | INFO    | ltf                | D: w=0.1,b=8.0,u=0.05: total utility 7,487.2, 6,506/6,766 requests served (96.2%), mean utilisation 0.447
14:24:33 | INFO    | ltf                | D: w=0.1,b=8.0,u=0.05: total utility 6,323.9, 6,113/6,235 requests served (98.0%), mean utilisation 0.411
14:24:34 | INFO    | ltf                | D: w=0.1,b=8.0,u=0.05: total utility 7,737.7, 6,512/6,766 requests served (96.2%), mean utilisation 0.444
14:24:35 | INFO    | ltf                | D: w=0.1,b=8.0,u=0.05: total utility 6,346.7, 6,114/6,235 requests served (98.1%), mean utilisation 0.411
14:24:36 | INFO    | ltf                | D: w=0.1,b=8.0,u=0.05: total utility 7,930.7, 6,520/6,766 requests served (96.4%), mean utilisation 0.442
14:24:36 | INFO    | ltf                | D: w=0.1,b=8.0,u=0.05: total utility 6,744.5, 6,060/6,235 requests served (97.2%), mean utilisation 0.403
14:24:37 | INFO    | ltf                | D: w=0.1,b=8.0,u=0.05: total utility 8,040.5, 6,494/6,766 requests served (96.0%), mean utilisation 0.439
14:24:38 | INFO    | ltf                | D: w=0.1,b=8.0,u=0.05: total utility 6,792.5, 6,089/6,235 requests served (97.7%), mean utilisation 0.406
14:24:39 | INFO    | ltf                | D: w=0.1,b=8.0,u=0.05: total utility 8,153.4, 6,506/6,766 requests served (96.2%), mean utilisation 0.439
14:24:40 | INFO    | ltf                | D: w=0.1,b=8.0,u=0.05: total utility 6,980.3, 6,076/6,235 requests served (97.4%), mean utilisation 0.402
14:24:40 | INFO    | ltf                |   episode 30/30: eps=0.28, train utility 15133.7, |V|>0 on 38703/104400 states
14:24:40 | INFO    | ltf                | training D: w=0.1,b=8.0,u=0.05 (30 episodes over 2 scenario(s)) done in 49.4s
14:24:40 | INFO    | ltf                | D: w=0.1,b=8.0,u=0.05: total utility 11,177.1, 4,715/6,492 requests served (72.6%), mean utilisation 0.313
14:24:40 | INFO    | ltf                | training D: w=0.1,b=8.0,u=0.1 (30 episodes over 2 scenario(s)) ...
14:24:41 | INFO    | ltf                | D: w=0.1,b=8.0,u=0.1: total utility 2,926.8, 6,496/6,766 requests served (96.0%), mean utilisation 0.492
14:24:43 | INFO    | ltf                | D: w=0.1,b=8.0,u=0.1: total utility 2,004.7, 6,073/6,235 requests served (97.4%), mean utilisation 0.455
14:24:44 | INFO    | ltf                | D: w=0.1,b=8.0,u=0.1: total utility 2,894.2, 6,509/6,766 requests served (96.2%), mean utilisation 0.493
14:24:45 | INFO    | ltf                | D: w=0.1,b=8.0,u=0.1: total utility 2,049.2, 6,079/6,235 requests served (97.5%), mean utilisation 0.454
14:24:46 | INFO    | ltf                | D: w=0.1,b=8.0,u=0.1: total utility 3,047.3, 6,508/6,766 requests served (96.2%), mean utilisation 0.492
14:24:46 | INFO    | ltf                | D: w=0.1,b=8.0,u=0.1: total utility 2,435.8, 6,063/6,235 requests served (97.2%), mean utilisation 0.449
14:24:47 | INFO    | ltf                | D: w=0.1,b=8.0,u=0.1: total utility 3,370.6, 6,503/6,766 requests served (96.1%), mean utilisation 0.488
14:24:48 | INFO    | ltf                | D: w=0.1,b=8.0,u=0.1: total utility 2,395.1, 6,080/6,235 requests served (97.5%), mean utilisation 0.451
14:24:49 | INFO    | ltf                | D: w=0.1,b=8.0,u=0.1: total utility 3,480.5, 6,493/6,766 requests served (96.0%), mean utilisation 0.487
14:24:49 | INFO    | ltf                | D: w=0.1,b=8.0,u=0.1: total utility 2,626.9, 6,066/6,235 requests served (97.3%), mean utilisation 0.449
14:24:50 | INFO    | ltf                | D: w=0.1,b=8.0,u=0.1: total utility 3,603.4, 6,505/6,766 requests served (96.1%), mean utilisation 0.486
14:24:51 | INFO    | ltf                | D: w=0.1,b=8.0,u=0.1: total utility 2,785.5, 6,082/6,235 requests served (97.5%), mean utilisation 0.448
14:24:52 | INFO    | ltf                | D: w=0.1,b=8.0,u=0.1: total utility 3,997.8, 6,497/6,766 requests served (96.0%), mean utilisation 0.482
14:24:53 | INFO    | ltf                | D: w=0.1,b=8.0,u=0.1: total utility 3,027.3, 6,074/6,235 requests served (97.4%), mean utilisation 0.444
14:24:53 | INFO    | ltf                | D: w=0.1,b=8.0,u=0.1: total utility 4,207.3, 6,476/6,766 requests served (95.7%), mean utilisation 0.478
14:24:54 | INFO    | ltf                | D: w=0.1,b=8.0,u=0.1: total utility 3,216.7, 6,084/6,235 requests served (97.6%), mean utilisation 0.443
14:24:55 | INFO    | ltf                | D: w=0.1,b=8.0,u=0.1: total utility 4,442.4, 6,497/6,766 requests served (96.0%), mean utilisation 0.478
14:24:56 | INFO    | ltf                | D: w=0.1,b=8.0,u=0.1: total utility 3,364.4, 6,084/6,235 requests served (97.6%), mean utilisation 0.442
14:24:57 | INFO    | ltf                | D: w=0.1,b=8.0,u=0.1: total utility 4,668.6, 6,518/6,766 requests served (96.3%), mean utilisation 0.476
14:24:57 | INFO    | ltf                | D: w=0.1,b=8.0,u=0.1: total utility 3,490.2, 6,069/6,235 requests served (97.3%), mean utilisation 0.439
14:24:57 | INFO    | ltf                |   episode 10/30: eps=0.71, train utility 8158.8, |V|>0 on 27831/104400 states
14:24:58 | INFO    | ltf                | D: w=0.1,b=8.0,u=0.1: total utility 4,706.2, 6,499/6,766 requests served (96.1%), mean utilisation 0.475
14:24:59 | INFO    | ltf                | D: w=0.1,b=8.0,u=0.1: total utility 3,544.9, 6,066/6,235 requests served (97.3%), mean utilisation 0.439
14:25:00 | INFO    | ltf                | D: w=0.1,b=8.0,u=0.1: total utility 5,001.9, 6,523/6,766 requests served (96.4%), mean utilisation 0.473
14:25:01 | INFO    | ltf                | D: w=0.1,b=8.0,u=0.1: total utility 3,694.6, 6,062/6,235 requests served (97.2%), mean utilisation 0.435
14:25:01 | INFO    | ltf                | D: w=0.1,b=8.0,u=0.1: total utility 5,228.7, 6,529/6,766 requests served (96.5%), mean utilisation 0.472
14:25:02 | INFO    | ltf                | D: w=0.1,b=8.0,u=0.1: total utility 4,022.7, 6,070/6,235 requests served (97.4%), mean utilisation 0.433
14:25:03 | INFO    | ltf                | D: w=0.1,b=8.0,u=0.1: total utility 5,304.7, 6,492/6,766 requests served (96.0%), mean utilisation 0.468
14:25:04 | INFO    | ltf                | D: w=0.1,b=8.0,u=0.1: total utility 4,190.1, 6,071/6,235 requests served (97.4%), mean utilisation 0.432
14:25:05 | INFO    | ltf                | D: w=0.1,b=8.0,u=0.1: total utility 5,669.3, 6,526/6,766 requests served (96.5%), mean utilisation 0.468
14:25:06 | INFO    | ltf                | D: w=0.1,b=8.0,u=0.1: total utility 4,588.3, 6,078/6,235 requests served (97.5%), mean utilisation 0.428
14:25:07 | INFO    | ltf                | D: w=0.1,b=8.0,u=0.1: total utility 5,480.3, 6,497/6,766 requests served (96.0%), mean utilisation 0.466
14:25:08 | INFO    | ltf                | D: w=0.1,b=8.0,u=0.1: total utility 4,408.4, 6,071/6,235 requests served (97.4%), mean utilisation 0.430
14:25:09 | INFO    | ltf                | D: w=0.1,b=8.0,u=0.1: total utility 5,892.6, 6,524/6,766 requests served (96.4%), mean utilisation 0.464
14:25:10 | INFO    | ltf                | D: w=0.1,b=8.0,u=0.1: total utility 4,641.9, 6,082/6,235 requests served (97.5%), mean utilisation 0.427
14:25:11 | INFO    | ltf                | D: w=0.1,b=8.0,u=0.1: total utility 5,997.6, 6,518/6,766 requests served (96.3%), mean utilisation 0.462
14:25:11 | INFO    | ltf                | D: w=0.1,b=8.0,u=0.1: total utility 4,924.1, 6,099/6,235 requests served (97.8%), mean utilisation 0.426
14:25:12 | INFO    | ltf                | D: w=0.1,b=8.0,u=0.1: total utility 6,326.3, 6,549/6,766 requests served (96.8%), mean utilisation 0.462
14:25:13 | INFO    | ltf                | D: w=0.1,b=8.0,u=0.1: total utility 5,083.2, 6,092/6,235 requests served (97.7%), mean utilisation 0.424
14:25:14 | INFO    | ltf                | D: w=0.1,b=8.0,u=0.1: total utility 6,361.9, 6,497/6,766 requests served (96.0%), mean utilisation 0.457
14:25:15 | INFO    | ltf                | D: w=0.1,b=8.0,u=0.1: total utility 5,385.3, 6,085/6,235 requests served (97.6%), mean utilisation 0.420
14:25:15 | INFO    | ltf                |   episode 20/30: eps=0.50, train utility 11747.3, |V|>0 on 34928/104400 states
14:25:16 | INFO    | ltf                | D: w=0.1,b=8.0,u=0.1: total utility 6,666.0, 6,510/6,766 requests served (96.2%), mean utilisation 0.455
14:25:17 | INFO    | ltf                | D: w=0.1,b=8.0,u=0.1: total utility 5,566.9, 6,106/6,235 requests served (97.9%), mean utilisation 0.420
14:25:18 | INFO    | ltf                | D: w=0.1,b=8.0,u=0.1: total utility 6,867.0, 6,513/6,766 requests served (96.3%), mean utilisation 0.454
14:25:19 | INFO    | ltf                | D: w=0.1,b=8.0,u=0.1: total utility 5,581.2, 6,071/6,235 requests served (97.4%), mean utilisation 0.417
14:25:20 | INFO    | ltf                | D: w=0.1,b=8.0,u=0.1: total utility 6,935.3, 6,496/6,766 requests served (96.0%), mean utilisation 0.451
14:25:20 | INFO    | ltf                | D: w=0.1,b=8.0,u=0.1: total utility 5,798.5, 6,097/6,235 requests served (97.8%), mean utilisation 0.417
14:25:21 | INFO    | ltf                | D: w=0.1,b=8.0,u=0.1: total utility 7,121.5, 6,511/6,766 requests served (96.2%), mean utilisation 0.451
14:25:22 | INFO    | ltf                | D: w=0.1,b=8.0,u=0.1: total utility 5,826.1, 6,073/6,235 requests served (97.4%), mean utilisation 0.415
14:25:23 | INFO    | ltf                | D: w=0.1,b=8.0,u=0.1: total utility 7,337.9, 6,513/6,766 requests served (96.3%), mean utilisation 0.450
14:25:24 | INFO    | ltf                | D: w=0.1,b=8.0,u=0.1: total utility 6,127.2, 6,068/6,235 requests served (97.3%), mean utilisation 0.412
14:25:25 | INFO    | ltf                | D: w=0.1,b=8.0,u=0.1: total utility 7,419.0, 6,516/6,766 requests served (96.3%), mean utilisation 0.447
14:25:25 | INFO    | ltf                | D: w=0.1,b=8.0,u=0.1: total utility 6,319.1, 6,085/6,235 requests served (97.6%), mean utilisation 0.410
14:25:26 | INFO    | ltf                | D: w=0.1,b=8.0,u=0.1: total utility 7,630.2, 6,523/6,766 requests served (96.4%), mean utilisation 0.446
14:25:27 | INFO    | ltf                | D: w=0.1,b=8.0,u=0.1: total utility 6,236.1, 6,076/6,235 requests served (97.4%), mean utilisation 0.410
14:25:28 | INFO    | ltf                | D: w=0.1,b=8.0,u=0.1: total utility 7,823.4, 6,534/6,766 requests served (96.6%), mean utilisation 0.445
14:25:29 | INFO    | ltf                | D: w=0.1,b=8.0,u=0.1: total utility 6,668.7, 6,096/6,235 requests served (97.8%), mean utilisation 0.407
14:25:30 | INFO    | ltf                | D: w=0.1,b=8.0,u=0.1: total utility 8,114.4, 6,512/6,766 requests served (96.2%), mean utilisation 0.440
14:25:31 | INFO    | ltf                | D: w=0.1,b=8.0,u=0.1: total utility 6,684.5, 6,088/6,235 requests served (97.6%), mean utilisation 0.406
14:25:32 | INFO    | ltf                | D: w=0.1,b=8.0,u=0.1: total utility 8,315.4, 6,531/6,766 requests served (96.5%), mean utilisation 0.439
14:25:32 | INFO    | ltf                | D: w=0.1,b=8.0,u=0.1: total utility 7,030.1, 6,097/6,235 requests served (97.8%), mean utilisation 0.402
14:25:32 | INFO    | ltf                |   episode 30/30: eps=0.28, train utility 15345.6, |V|>0 on 38928/104400 states
14:25:32 | INFO    | ltf                | training D: w=0.1,b=8.0,u=0.1 (30 episodes over 2 scenario(s)) done in 52.1s
14:25:33 | INFO    | ltf                | D: w=0.1,b=8.0,u=0.1: total utility 11,280.3, 4,737/6,492 requests served (73.0%), mean utilisation 0.313
14:25:33 | INFO    | ltf                | training D: w=0.1,b=32.0,u=0.05 (30 episodes over 2 scenario(s)) ...
14:25:34 | INFO    | ltf                | D: w=0.1,b=32.0,u=0.05: total utility 2,884.4, 6,517/6,766 requests served (96.3%), mean utilisation 0.494
14:25:35 | INFO    | ltf                | D: w=0.1,b=32.0,u=0.05: total utility 1,842.7, 6,074/6,235 requests served (97.4%), mean utilisation 0.456
14:25:36 | INFO    | ltf                | D: w=0.1,b=32.0,u=0.05: total utility 3,098.7, 6,510/6,766 requests served (96.2%), mean utilisation 0.492
14:25:36 | INFO    | ltf                | D: w=0.1,b=32.0,u=0.05: total utility 1,998.1, 6,065/6,235 requests served (97.3%), mean utilisation 0.454
14:25:37 | INFO    | ltf                | D: w=0.1,b=32.0,u=0.05: total utility 2,860.9, 6,509/6,766 requests served (96.2%), mean utilisation 0.494
14:25:38 | INFO    | ltf                | D: w=0.1,b=32.0,u=0.05: total utility 2,295.0, 6,077/6,235 requests served (97.5%), mean utilisation 0.452
14:25:39 | INFO    | ltf                | D: w=0.1,b=32.0,u=0.05: total utility 3,084.0, 6,522/6,766 requests served (96.4%), mean utilisation 0.492
14:25:40 | INFO    | ltf                | D: w=0.1,b=32.0,u=0.05: total utility 2,493.1, 6,075/6,235 requests served (97.4%), mean utilisation 0.450
14:25:40 | INFO    | ltf                | D: w=0.1,b=32.0,u=0.05: total utility 3,479.3, 6,511/6,766 requests served (96.2%), mean utilisation 0.488
14:25:41 | INFO    | ltf                | D: w=0.1,b=32.0,u=0.05: total utility 2,833.6, 6,057/6,235 requests served (97.1%), mean utilisation 0.445
14:25:42 | INFO    | ltf                | D: w=0.1,b=32.0,u=0.05: total utility 3,623.1, 6,537/6,766 requests served (96.6%), mean utilisation 0.489
14:25:43 | INFO    | ltf                | D: w=0.1,b=32.0,u=0.05: total utility 2,687.2, 6,065/6,235 requests served (97.3%), mean utilisation 0.447
14:25:44 | INFO    | ltf                | D: w=0.1,b=32.0,u=0.05: total utility 3,961.9, 6,520/6,766 requests served (96.4%), mean utilisation 0.485
14:25:45 | INFO    | ltf                | D: w=0.1,b=32.0,u=0.05: total utility 2,996.2, 6,075/6,235 requests served (97.4%), mean utilisation 0.445
14:25:45 | INFO    | ltf                | D: w=0.1,b=32.0,u=0.05: total utility 4,207.6, 6,523/6,766 requests served (96.4%), mean utilisation 0.482
14:25:46 | INFO    | ltf                | D: w=0.1,b=32.0,u=0.05: total utility 3,050.1, 6,080/6,235 requests served (97.5%), mean utilisation 0.444
14:25:47 | INFO    | ltf                | D: w=0.1,b=32.0,u=0.05: total utility 4,530.6, 6,525/6,766 requests served (96.4%), mean utilisation 0.479
14:25:48 | INFO    | ltf                | D: w=0.1,b=32.0,u=0.05: total utility 3,138.4, 6,046/6,235 requests served (97.0%), mean utilisation 0.441
14:25:49 | INFO    | ltf                | D: w=0.1,b=32.0,u=0.05: total utility 4,608.8, 6,503/6,766 requests served (96.1%), mean utilisation 0.475
14:25:49 | INFO    | ltf                | D: w=0.1,b=32.0,u=0.05: total utility 3,431.7, 6,079/6,235 requests served (97.5%), mean utilisation 0.440
14:25:49 | INFO    | ltf                |   episode 10/30: eps=0.71, train utility 8040.5, |V|>0 on 27554/104400 states
14:25:50 | INFO    | ltf                | D: w=0.1,b=32.0,u=0.05: total utility 4,603.5, 6,499/6,766 requests served (96.1%), mean utilisation 0.476
14:25:51 | INFO    | ltf                | D: w=0.1,b=32.0,u=0.05: total utility 3,636.2, 6,071/6,235 requests served (97.4%), mean utilisation 0.437
14:25:52 | INFO    | ltf                | D: w=0.1,b=32.0,u=0.05: total utility 4,866.5, 6,506/6,766 requests served (96.2%), mean utilisation 0.474
14:25:53 | INFO    | ltf                | D: w=0.1,b=32.0,u=0.05: total utility 3,775.3, 6,077/6,235 requests served (97.5%), mean utilisation 0.437
14:25:54 | INFO    | ltf                | D: w=0.1,b=32.0,u=0.05: total utility 4,973.7, 6,508/6,766 requests served (96.2%), mean utilisation 0.473
14:25:54 | INFO    | ltf                | D: w=0.1,b=32.0,u=0.05: total utility 4,110.9, 6,065/6,235 requests served (97.3%), mean utilisation 0.433
14:25:55 | INFO    | ltf                | D: w=0.1,b=32.0,u=0.05: total utility 5,184.1, 6,491/6,766 requests served (95.9%), mean utilisation 0.469
14:25:56 | INFO    | ltf                | D: w=0.1,b=32.0,u=0.05: total utility 4,408.3, 6,088/6,235 requests served (97.6%), mean utilisation 0.431
14:25:57 | INFO    | ltf                | D: w=0.1,b=32.0,u=0.05: total utility 5,387.1, 6,519/6,766 requests served (96.3%), mean utilisation 0.469
14:25:58 | INFO    | ltf                | D: w=0.1,b=32.0,u=0.05: total utility 4,576.6, 6,077/6,235 requests served (97.5%), mean utilisation 0.428
14:25:59 | INFO    | ltf                | D: w=0.1,b=32.0,u=0.05: total utility 5,738.8, 6,534/6,766 requests served (96.6%), mean utilisation 0.466
14:26:00 | INFO    | ltf                | D: w=0.1,b=32.0,u=0.05: total utility 4,314.4, 6,069/6,235 requests served (97.3%), mean utilisation 0.430
14:26:01 | INFO    | ltf                | D: w=0.1,b=32.0,u=0.05: total utility 5,948.7, 6,533/6,766 requests served (96.6%), mean utilisation 0.465
14:26:01 | INFO    | ltf                | D: w=0.1,b=32.0,u=0.05: total utility 4,747.9, 6,084/6,235 requests served (97.6%), mean utilisation 0.427
14:26:02 | INFO    | ltf                | D: w=0.1,b=32.0,u=0.05: total utility 6,007.0, 6,526/6,766 requests served (96.5%), mean utilisation 0.463
14:26:03 | INFO    | ltf                | D: w=0.1,b=32.0,u=0.05: total utility 4,889.4, 6,077/6,235 requests served (97.5%), mean utilisation 0.425
14:26:04 | INFO    | ltf                | D: w=0.1,b=32.0,u=0.05: total utility 6,163.6, 6,497/6,766 requests served (96.0%), mean utilisation 0.459
14:26:05 | INFO    | ltf                | D: w=0.1,b=32.0,u=0.05: total utility 5,020.1, 6,081/6,235 requests served (97.5%), mean utilisation 0.424
14:26:06 | INFO    | ltf                | D: w=0.1,b=32.0,u=0.05: total utility 6,434.8, 6,511/6,766 requests served (96.2%), mean utilisation 0.457
14:26:06 | INFO    | ltf                | D: w=0.1,b=32.0,u=0.05: total utility 5,301.6, 6,086/6,235 requests served (97.6%), mean utilisation 0.421
14:26:06 | INFO    | ltf                |   episode 20/30: eps=0.50, train utility 11736.5, |V|>0 on 34362/104400 states
14:26:07 | INFO    | ltf                | D: w=0.1,b=32.0,u=0.05: total utility 6,546.5, 6,491/6,766 requests served (95.9%), mean utilisation 0.455
14:26:08 | INFO    | ltf                | D: w=0.1,b=32.0,u=0.05: total utility 5,483.3, 6,104/6,235 requests served (97.9%), mean utilisation 0.421
14:26:09 | INFO    | ltf                | D: w=0.1,b=32.0,u=0.05: total utility 6,720.2, 6,491/6,766 requests served (95.9%), mean utilisation 0.454
14:26:10 | INFO    | ltf                | D: w=0.1,b=32.0,u=0.05: total utility 5,519.2, 6,091/6,235 requests served (97.7%), mean utilisation 0.419
14:26:10 | INFO    | ltf                | D: w=0.1,b=32.0,u=0.05: total utility 6,912.1, 6,521/6,766 requests served (96.4%), mean utilisation 0.453
14:26:11 | INFO    | ltf                | D: w=0.1,b=32.0,u=0.05: total utility 5,807.6, 6,094/6,235 requests served (97.7%), mean utilisation 0.416
14:26:12 | INFO    | ltf                | D: w=0.1,b=32.0,u=0.05: total utility 7,206.8, 6,524/6,766 requests served (96.4%), mean utilisation 0.451
14:26:13 | INFO    | ltf                | D: w=0.1,b=32.0,u=0.05: total utility 6,056.5, 6,088/6,235 requests served (97.6%), mean utilisation 0.414
14:26:14 | INFO    | ltf                | D: w=0.1,b=32.0,u=0.05: total utility 7,300.2, 6,521/6,766 requests served (96.4%), mean utilisation 0.449
14:26:15 | INFO    | ltf                | D: w=0.1,b=32.0,u=0.05: total utility 6,094.1, 6,080/6,235 requests served (97.5%), mean utilisation 0.412
14:26:16 | INFO    | ltf                | D: w=0.1,b=32.0,u=0.05: total utility 7,443.9, 6,505/6,766 requests served (96.1%), mean utilisation 0.447
14:26:16 | INFO    | ltf                | D: w=0.1,b=32.0,u=0.05: total utility 6,246.7, 6,070/6,235 requests served (97.4%), mean utilisation 0.411
14:26:17 | INFO    | ltf                | D: w=0.1,b=32.0,u=0.05: total utility 7,691.7, 6,554/6,766 requests served (96.9%), mean utilisation 0.446
14:26:18 | INFO    | ltf                | D: w=0.1,b=32.0,u=0.05: total utility 6,282.8, 6,089/6,235 requests served (97.7%), mean utilisation 0.410
14:26:19 | INFO    | ltf                | D: w=0.1,b=32.0,u=0.05: total utility 7,932.6, 6,528/6,766 requests served (96.5%), mean utilisation 0.443
14:26:20 | INFO    | ltf                | D: w=0.1,b=32.0,u=0.05: total utility 6,621.2, 6,091/6,235 requests served (97.7%), mean utilisation 0.406
14:26:20 | INFO    | ltf                | D: w=0.1,b=32.0,u=0.05: total utility 8,156.3, 6,542/6,766 requests served (96.7%), mean utilisation 0.442
14:26:21 | INFO    | ltf                | D: w=0.1,b=32.0,u=0.05: total utility 6,814.2, 6,096/6,235 requests served (97.8%), mean utilisation 0.405
14:26:22 | INFO    | ltf                | D: w=0.1,b=32.0,u=0.05: total utility 8,103.1, 6,534/6,766 requests served (96.6%), mean utilisation 0.441
14:26:23 | INFO    | ltf                | D: w=0.1,b=32.0,u=0.05: total utility 7,096.5, 6,104/6,235 requests served (97.9%), mean utilisation 0.403
14:26:23 | INFO    | ltf                |   episode 30/30: eps=0.28, train utility 15199.5, |V|>0 on 38324/104400 states
14:26:23 | INFO    | ltf                | training D: w=0.1,b=32.0,u=0.05 (30 episodes over 2 scenario(s)) done in 49.7s
14:26:24 | INFO    | ltf                | D: w=0.1,b=32.0,u=0.05: total utility 11,153.5, 4,703/6,492 requests served (72.4%), mean utilisation 0.312
14:26:24 | INFO    | ltf                | training D: w=0.1,b=32.0,u=0.1 (30 episodes over 2 scenario(s)) ...
14:26:24 | INFO    | ltf                | D: w=0.1,b=32.0,u=0.1: total utility 2,750.1, 6,484/6,766 requests served (95.8%), mean utilisation 0.494
14:26:25 | INFO    | ltf                | D: w=0.1,b=32.0,u=0.1: total utility 1,983.1, 6,074/6,235 requests served (97.4%), mean utilisation 0.455
14:26:26 | INFO    | ltf                | D: w=0.1,b=32.0,u=0.1: total utility 3,052.8, 6,478/6,766 requests served (95.7%), mean utilisation 0.491
14:26:27 | INFO    | ltf                | D: w=0.1,b=32.0,u=0.1: total utility 2,162.2, 6,075/6,235 requests served (97.4%), mean utilisation 0.454
14:26:28 | INFO    | ltf                | D: w=0.1,b=32.0,u=0.1: total utility 3,068.4, 6,528/6,766 requests served (96.5%), mean utilisation 0.494
14:26:28 | INFO    | ltf                | D: w=0.1,b=32.0,u=0.1: total utility 2,206.6, 6,079/6,235 requests served (97.5%), mean utilisation 0.453
14:26:29 | INFO    | ltf                | D: w=0.1,b=32.0,u=0.1: total utility 3,332.6, 6,495/6,766 requests served (96.0%), mean utilisation 0.489
14:26:30 | INFO    | ltf                | D: w=0.1,b=32.0,u=0.1: total utility 2,364.9, 6,058/6,235 requests served (97.2%), mean utilisation 0.450
14:26:31 | INFO    | ltf                | D: w=0.1,b=32.0,u=0.1: total utility 3,585.0, 6,528/6,766 requests served (96.5%), mean utilisation 0.488
14:26:32 | INFO    | ltf                | D: w=0.1,b=32.0,u=0.1: total utility 2,655.0, 6,070/6,235 requests served (97.4%), mean utilisation 0.448
14:26:33 | INFO    | ltf                | D: w=0.1,b=32.0,u=0.1: total utility 3,581.4, 6,511/6,766 requests served (96.2%), mean utilisation 0.487
14:26:34 | INFO    | ltf                | D: w=0.1,b=32.0,u=0.1: total utility 2,787.8, 6,074/6,235 requests served (97.4%), mean utilisation 0.446
14:26:34 | INFO    | ltf                | D: w=0.1,b=32.0,u=0.1: total utility 4,088.0, 6,528/6,766 requests served (96.5%), mean utilisation 0.483
14:26:35 | INFO    | ltf                | D: w=0.1,b=32.0,u=0.1: total utility 2,921.4, 6,074/6,235 requests served (97.4%), mean utilisation 0.445
14:26:36 | INFO    | ltf                | D: w=0.1,b=32.0,u=0.1: total utility 4,076.0, 6,503/6,766 requests served (96.1%), mean utilisation 0.481
14:26:37 | INFO    | ltf                | D: w=0.1,b=32.0,u=0.1: total utility 3,164.5, 6,072/6,235 requests served (97.4%), mean utilisation 0.444
14:26:38 | INFO    | ltf                | D: w=0.1,b=32.0,u=0.1: total utility 4,530.3, 6,532/6,766 requests served (96.5%), mean utilisation 0.479
14:26:38 | INFO    | ltf                | D: w=0.1,b=32.0,u=0.1: total utility 3,374.8, 6,077/6,235 requests served (97.5%), mean utilisation 0.441
14:26:39 | INFO    | ltf                | D: w=0.1,b=32.0,u=0.1: total utility 4,555.8, 6,533/6,766 requests served (96.6%), mean utilisation 0.479
14:26:40 | INFO    | ltf                | D: w=0.1,b=32.0,u=0.1: total utility 3,537.5, 6,075/6,235 requests served (97.4%), mean utilisation 0.439
14:26:40 | INFO    | ltf                |   episode 10/30: eps=0.71, train utility 8093.2, |V|>0 on 27658/104400 states
14:26:41 | INFO    | ltf                | D: w=0.1,b=32.0,u=0.1: total utility 4,686.5, 6,531/6,766 requests served (96.5%), mean utilisation 0.478
14:26:41 | INFO    | ltf                | D: w=0.1,b=32.0,u=0.1: total utility 3,550.2, 6,065/6,235 requests served (97.3%), mean utilisation 0.438
14:26:42 | INFO    | ltf                | D: w=0.1,b=32.0,u=0.1: total utility 4,954.1, 6,496/6,766 requests served (96.0%), mean utilisation 0.472
14:26:43 | INFO    | ltf                | D: w=0.1,b=32.0,u=0.1: total utility 3,832.9, 6,092/6,235 requests served (97.7%), mean utilisation 0.437
14:26:44 | INFO    | ltf                | D: w=0.1,b=32.0,u=0.1: total utility 5,131.3, 6,513/6,766 requests served (96.3%), mean utilisation 0.472
14:26:45 | INFO    | ltf                | D: w=0.1,b=32.0,u=0.1: total utility 3,986.4, 6,073/6,235 requests served (97.4%), mean utilisation 0.435
14:26:45 | INFO    | ltf                | D: w=0.1,b=32.0,u=0.1: total utility 5,281.8, 6,499/6,766 requests served (96.1%), mean utilisation 0.468
14:26:46 | INFO    | ltf                | D: w=0.1,b=32.0,u=0.1: total utility 4,113.5, 6,081/6,235 requests served (97.5%), mean utilisation 0.433
14:26:47 | INFO    | ltf                | D: w=0.1,b=32.0,u=0.1: total utility 5,545.8, 6,516/6,766 requests served (96.3%), mean utilisation 0.468
14:26:48 | INFO    | ltf                | D: w=0.1,b=32.0,u=0.1: total utility 4,584.8, 6,072/6,235 requests served (97.4%), mean utilisation 0.428
14:26:49 | INFO    | ltf                | D: w=0.1,b=32.0,u=0.1: total utility 5,475.4, 6,504/6,766 requests served (96.1%), mean utilisation 0.467
14:26:49 | INFO    | ltf                | D: w=0.1,b=32.0,u=0.1: total utility 4,652.1, 6,077/6,235 requests served (97.5%), mean utilisation 0.427
14:26:50 | INFO    | ltf                | D: w=0.1,b=32.0,u=0.1: total utility 5,712.7, 6,516/6,766 requests served (96.3%), mean utilisation 0.465
14:26:51 | INFO    | ltf                | D: w=0.1,b=32.0,u=0.1: total utility 4,643.9, 6,075/6,235 requests served (97.4%), mean utilisation 0.427
14:26:52 | INFO    | ltf                | D: w=0.1,b=32.0,u=0.1: total utility 6,050.5, 6,506/6,766 requests served (96.2%), mean utilisation 0.462
14:26:53 | INFO    | ltf                | D: w=0.1,b=32.0,u=0.1: total utility 5,130.3, 6,089/6,235 requests served (97.7%), mean utilisation 0.423
14:26:54 | INFO    | ltf                | D: w=0.1,b=32.0,u=0.1: total utility 6,178.2, 6,523/6,766 requests served (96.4%), mean utilisation 0.461
14:26:55 | INFO    | ltf                | D: w=0.1,b=32.0,u=0.1: total utility 5,068.4, 6,086/6,235 requests served (97.6%), mean utilisation 0.423
14:26:55 | INFO    | ltf                | D: w=0.1,b=32.0,u=0.1: total utility 6,341.3, 6,506/6,766 requests served (96.2%), mean utilisation 0.458
14:26:56 | INFO    | ltf                | D: w=0.1,b=32.0,u=0.1: total utility 5,290.5, 6,086/6,235 requests served (97.6%), mean utilisation 0.421
14:26:56 | INFO    | ltf                |   episode 20/30: eps=0.50, train utility 11631.8, |V|>0 on 34663/104400 states
14:26:57 | INFO    | ltf                | D: w=0.1,b=32.0,u=0.1: total utility 6,488.2, 6,507/6,766 requests served (96.2%), mean utilisation 0.456
14:26:58 | INFO    | ltf                | D: w=0.1,b=32.0,u=0.1: total utility 5,315.6, 6,087/6,235 requests served (97.6%), mean utilisation 0.421
14:26:59 | INFO    | ltf                | D: w=0.1,b=32.0,u=0.1: total utility 6,687.3, 6,526/6,766 requests served (96.5%), mean utilisation 0.456
14:26:59 | INFO    | ltf                | D: w=0.1,b=32.0,u=0.1: total utility 5,539.5, 6,080/6,235 requests served (97.5%), mean utilisation 0.418
14:27:00 | INFO    | ltf                | D: w=0.1,b=32.0,u=0.1: total utility 7,063.4, 6,521/6,766 requests served (96.4%), mean utilisation 0.452
14:27:01 | INFO    | ltf                | D: w=0.1,b=32.0,u=0.1: total utility 5,720.2, 6,080/6,235 requests served (97.5%), mean utilisation 0.416
14:27:02 | INFO    | ltf                | D: w=0.1,b=32.0,u=0.1: total utility 7,147.7, 6,528/6,766 requests served (96.5%), mean utilisation 0.451
14:27:02 | INFO    | ltf                | D: w=0.1,b=32.0,u=0.1: total utility 5,888.8, 6,089/6,235 requests served (97.7%), mean utilisation 0.415
14:27:03 | INFO    | ltf                | D: w=0.1,b=32.0,u=0.1: total utility 7,328.6, 6,527/6,766 requests served (96.5%), mean utilisation 0.450
14:27:05 | INFO    | ltf                | D: w=0.1,b=32.0,u=0.1: total utility 6,078.0, 6,091/6,235 requests served (97.7%), mean utilisation 0.412
14:27:06 | INFO    | ltf                | D: w=0.1,b=32.0,u=0.1: total utility 7,562.8, 6,522/6,766 requests served (96.4%), mean utilisation 0.447
14:27:07 | INFO    | ltf                | D: w=0.1,b=32.0,u=0.1: total utility 6,173.0, 6,084/6,235 requests served (97.6%), mean utilisation 0.411
14:27:08 | INFO    | ltf                | D: w=0.1,b=32.0,u=0.1: total utility 7,591.3, 6,520/6,766 requests served (96.4%), mean utilisation 0.445
14:27:08 | INFO    | ltf                | D: w=0.1,b=32.0,u=0.1: total utility 6,365.8, 6,088/6,235 requests served (97.6%), mean utilisation 0.409
14:27:09 | INFO    | ltf                | D: w=0.1,b=32.0,u=0.1: total utility 7,784.7, 6,518/6,766 requests served (96.3%), mean utilisation 0.444
14:27:10 | INFO    | ltf                | D: w=0.1,b=32.0,u=0.1: total utility 6,888.5, 6,090/6,235 requests served (97.7%), mean utilisation 0.404
14:27:11 | INFO    | ltf                | D: w=0.1,b=32.0,u=0.1: total utility 8,247.3, 6,529/6,766 requests served (96.5%), mean utilisation 0.439
14:27:11 | INFO    | ltf                | D: w=0.1,b=32.0,u=0.1: total utility 6,723.6, 6,081/6,235 requests served (97.5%), mean utilisation 0.406
14:27:12 | INFO    | ltf                | D: w=0.1,b=32.0,u=0.1: total utility 8,070.5, 6,526/6,766 requests served (96.5%), mean utilisation 0.440
14:27:13 | INFO    | ltf                | D: w=0.1,b=32.0,u=0.1: total utility 7,156.6, 6,094/6,235 requests served (97.7%), mean utilisation 0.400
14:27:13 | INFO    | ltf                |   episode 30/30: eps=0.28, train utility 15227.1, |V|>0 on 38489/104400 states
14:27:13 | INFO    | ltf                | training D: w=0.1,b=32.0,u=0.1 (30 episodes over 2 scenario(s)) done in 49.4s
14:27:14 | INFO    | ltf                | D: w=0.1,b=32.0,u=0.1: total utility 11,216.7, 4,735/6,492 requests served (72.9%), mean utilisation 0.313

====================================================================================================
ALL CONFIGURATIONS, sorted by distance from group parity (both gaps ON in every row)
====================================================================================================
 lambda_within  lambda_between  lambda_util  total_utility  fairness_total_var  rate_var  rate_var_within  rate_var_between  rate_full_time  rate_part_time  rate_group_ratio  parity_error  util_mean  util_var  util_adj_var  n_idle_drivers  service_rate
          0.10           16.00         0.05   11211.392403         1668.201084  0.788359         0.788239          0.000120        2.126179        2.103623          0.989391      0.010609   0.315569  0.011460      0.198079               3      0.716266
          0.10           32.00         0.05   11153.463205         1739.814874  0.954495         0.954340          0.000155        2.120831        2.095180          0.987905      0.012095   0.317403  0.012750      0.209586               3      0.724430
          0.50           16.00         0.05   11184.210487         1640.906303  0.497266         0.497107          0.000159        2.125149        2.099193          0.987786      0.012214   0.328451  0.010941      0.173581               2      0.739834
          0.10           32.00         0.10   11216.658101         1797.529409  0.958219         0.958035          0.000184        2.127005        2.099071          0.986867      0.013133   0.316635  0.009606      0.183797               2      0.729359
          0.10            8.00         0.05   11177.131390         1789.840549  0.854508         0.854215          0.000293        2.127797        2.092549          0.983435      0.016565   0.319500  0.012471      0.190146               2      0.726278
          0.25           16.00         0.05   11168.015808         1647.295349  0.693501         0.693053          0.000448        2.136391        2.092791          0.979592      0.020408   0.323287  0.010538      0.180794               1      0.729975
          0.10            8.00         0.10   11280.293265         1754.706586  0.888287         0.887641          0.000646        2.151532        2.099166          0.975661      0.024339   0.316733  0.010426      0.183355               2      0.729667
          1.00           16.00         0.05   10863.975872         1484.911792  0.371868         0.370914          0.000954        2.075522        2.011894          0.969344      0.030656   0.335900  0.011556      0.170476               2      0.746457
          1.00           16.00         0.50   10864.535951         1548.146045  0.375404         0.374350          0.001054        2.073381        2.006505          0.967746      0.032254   0.316674  0.006664      0.111332               0      0.740142
          1.00           16.00         0.10   10986.665639         1603.117199  0.402472         0.401107          0.001365        2.096135        2.020021          0.963689      0.036311   0.323768  0.009513      0.133903               1      0.738909
          1.00           16.00         1.00   10636.137852         1540.992591  0.393774         0.391902          0.001872        2.029432        1.940290          0.956076      0.043924   0.311851  0.005262      0.094690               0      0.733364
          1.00           16.00         0.25   10883.057160         1547.213631  0.363767         0.361698          0.002069        2.081720        1.987999          0.954979      0.045021   0.323287  0.007903      0.114942               0      0.747381
          1.00            8.00         0.25   10963.653325         1558.300488  0.344155         0.341002          0.003153        2.110551        1.994860          0.945184      0.054816   0.322369  0.007575      0.124691               1      0.740450
          1.00           16.00         2.00   10095.864292         1408.823416  0.375096         0.372311          0.002785        1.933463        1.824745          0.943770      0.056230   0.302180  0.004824      0.128237               0      0.705484
          2.00           16.00         0.05   10577.837239         1440.399755  0.262753         0.258728          0.004025        2.040790        1.910088          0.935955      0.064045   0.338009  0.011377      0.155790               0      0.757856
          1.00            4.00         0.25   10900.929376         1687.025241  0.357904         0.347192          0.010711        2.132333        1.919112          0.900006      0.099994   0.319508  0.006964      0.105705               1      0.740296
          1.00            2.00         0.25   10970.706431         1797.865283  0.338899         0.308987          0.029912        2.191573        1.835259          0.837416      0.162584   0.317208  0.007348      0.109380               0      0.745687
          1.00            1.00         0.25   10953.684803         1950.944161  0.382009         0.313475          0.068534        2.255980        1.716637          0.760927      0.239073   0.314121  0.007514      0.122097               1      0.749384
          1.00            0.50         0.25   10971.338065         2078.908019  0.398798         0.279596          0.119202        2.315355        1.604053          0.692789      0.307211   0.309965  0.006462      0.099688               1      0.739680
          1.00            0.25         0.25   11010.535708         2338.791479  0.472175         0.271605          0.200570        2.392204        1.469536          0.614302      0.385698   0.306920  0.007529      0.104534               1      0.746611

  PARITY-BEST: lambda_within=0.1, lambda_between=16.0, lambda_util=0.05
    PT/FT hourly-rate ratio 0.989 (parity = 1.000, error 0.011)
    utility 11,211.4, rate_var 0.788, between 0.000, util_adj_var 0.198, idle 3

====================================================================================================
PARETO FRONT  total utility vs Gap 1b: Var(hourly rate)
====================================================================================================
 lambda_within  lambda_between  lambda_util  total_utility  rate_var
           2.0           16.00         0.05   10577.837239  0.262753
           1.0            2.00         0.25   10970.706431  0.338899
           1.0            0.50         0.25   10971.338065  0.398798
           1.0           16.00         0.10   10986.665639  0.402472
           1.0            0.25         0.25   11010.535708  0.472175
           0.5           16.00         0.05   11184.210487  0.497266
           0.1           16.00         0.05   11211.392403  0.788359
           0.1            8.00         0.10   11280.293265  0.888287

====================================================================================================
PARETO FRONT  total utility vs Gap 1b: between-group Var
====================================================================================================
 lambda_within  lambda_between  lambda_util  total_utility  rate_var_between
           0.1            16.0         0.05   11211.392403          0.000120
           0.1            32.0         0.10   11216.658101          0.000184
           0.1             8.0         0.10   11280.293265          0.000646

====================================================================================================
PARETO FRONT  total utility vs Gap 2: opportunity-normalised Var(util)
====================================================================================================
 lambda_within  lambda_between  lambda_util  total_utility  util_adj_var
           1.0           16.00         1.00   10636.137852      0.094690
           1.0            0.50         0.25   10971.338065      0.099688
           1.0            0.25         0.25   11010.535708      0.104534
           0.5           16.00         0.05   11184.210487      0.173581
           0.1            8.00         0.10   11280.293265      0.183355

====================================================================================================
PARETO FRONT  total utility vs Gap 1b: distance from group parity
====================================================================================================
 lambda_within  lambda_between  lambda_util  total_utility  parity_error
           0.1            16.0         0.05   11211.392403      0.010609
           0.1            32.0         0.10   11216.658101      0.013133
           0.1             8.0         0.10   11280.293265      0.024339

wrote outputs/sweep_lambda_between.csv, sweep_lambda_util.csv, sweep_joint_grid.csv
